Copyright 1986-2022 Xilinx, Inc. All Rights Reserved. Copyright 2022-2025 Advanced Micro Devices, Inc. All Rights Reserved.
---------------------------------------------------------------------------------------------------------------------------------------------
| Tool Version : Vivado v.2025.2 (win64) Build 6299465 Fri Nov 14 19:35:11 GMT 2025
| Date         : Thu Oct  8 20:21:12 2026
| Host         : DESKTOP-1HJ7IPN running 64-bit major release  (build 9200)
| Command      : report_timing_summary -max_paths 10 -file build/timing_100mhz_slice1.rpt
| Design       : axi4_xbar_hw_top
| Device       : 7z007s-clg400
| Speed File   : -1  PRODUCTION 1.12 2019-11-22
| Design State : Routed
---------------------------------------------------------------------------------------------------------------------------------------------

Timing Summary Report

------------------------------------------------------------------------------------------------
| Timer Settings
| --------------
------------------------------------------------------------------------------------------------

  Enable Multi Corner Analysis               :  Yes
  Enable Pessimism Removal                   :  Yes
  Pessimism Removal Resolution               :  Nearest Common Node
  Enable Input Delay Default Clock           :  No
  Enable Preset / Clear Arcs                 :  No
  Disable Flight Delays                      :  No
  Ignore I/O Paths                           :  No
  Timing Early Launch at Borrowing Latches   :  No
  Borrow Time for Max Delay Exceptions       :  Yes
  Merge Timing Exceptions                    :  Yes
  Inter-SLR Compensation                     :  Conservative

  Corner  Analyze    Analyze    
  Name    Max Paths  Min Paths  
  ------  ---------  ---------  
  Slow    Yes        Yes        
  Fast    Yes        Yes        


------------------------------------------------------------------------------------------------
| Report Methodology
| ------------------
------------------------------------------------------------------------------------------------

No report available as report_methodology has not been run prior. Run report_methodology on the current design for the summary of methodology violations.



check_timing report

Table of Contents
-----------------
1. checking no_clock (0)
2. checking constant_clock (0)
3. checking pulse_width_clock (0)
4. checking unconstrained_internal_endpoints (0)
5. checking no_input_delay (8)
6. checking no_output_delay (24)
7. checking multiple_clock (0)
8. checking generated_clocks (0)
9. checking loops (0)
10. checking partial_input_delay (0)
11. checking partial_output_delay (0)
12. checking latch_loops (0)

1. checking no_clock (0)
------------------------
 There are 0 register/latch pins with no clock.


2. checking constant_clock (0)
------------------------------
 There are 0 register/latch pins with constant_clock.


3. checking pulse_width_clock (0)
---------------------------------
 There are 0 register/latch pins which need pulse_width check


4. checking unconstrained_internal_endpoints (0)
------------------------------------------------
 There are 0 pins that are not constrained for maximum delay.

 There are 0 pins that are not constrained for maximum delay due to constant clock.


5. checking no_input_delay (8)
------------------------------
 There are 0 input ports with no input delay specified.

 There are 8 input ports with no input delay but user has a false path constraint. (MEDIUM)


6. checking no_output_delay (24)
--------------------------------
 There are 0 ports with no output delay specified.

 There are 24 ports with no output delay but user has a false path constraint (MEDIUM)

 There are 0 ports with no output delay but with a timing clock defined on it or propagating through it


7. checking multiple_clock (0)
------------------------------
 There are 0 register/latch pins with multiple clocks.


8. checking generated_clocks (0)
--------------------------------
 There are 0 generated clocks that are not connected to a clock source.


9. checking loops (0)
---------------------
 There are 0 combinational loops in the design.


10. checking partial_input_delay (0)
------------------------------------
 There are 0 input ports with partial input delay specified.


11. checking partial_output_delay (0)
-------------------------------------
 There are 0 ports with partial output delay specified.


12. checking latch_loops (0)
----------------------------
 There are 0 combinational latch loops in the design through latch input



------------------------------------------------------------------------------------------------
| Design Timing Summary
| ---------------------
------------------------------------------------------------------------------------------------

    WNS(ns)      TNS(ns)  TNS Failing Endpoints  TNS Total Endpoints      WHS(ns)      THS(ns)  THS Failing Endpoints  THS Total Endpoints     WPWS(ns)     TPWS(ns)  TPWS Failing Endpoints  TPWS Total Endpoints  
    -------      -------  ---------------------  -------------------      -------      -------  ---------------------  -------------------     --------     --------  ----------------------  --------------------  
      1.430        0.000                      0                 6133        0.020        0.000                      0                 6133        4.020        0.000                       0                  2164  


All user specified timing constraints are met.


------------------------------------------------------------------------------------------------
| Clock Summary
| -------------
------------------------------------------------------------------------------------------------

Clock   Waveform(ns)       Period(ns)      Frequency(MHz)
-----   ------------       ----------      --------------
clk_in  {0.000 5.000}      10.000          100.000         


------------------------------------------------------------------------------------------------
| Intra Clock Table
| -----------------
------------------------------------------------------------------------------------------------

Clock             WNS(ns)      TNS(ns)  TNS Failing Endpoints  TNS Total Endpoints      WHS(ns)      THS(ns)  THS Failing Endpoints  THS Total Endpoints     WPWS(ns)     TPWS(ns)  TPWS Failing Endpoints  TPWS Total Endpoints  
-----             -------      -------  ---------------------  -------------------      -------      -------  ---------------------  -------------------     --------     --------  ----------------------  --------------------  
clk_in              1.430        0.000                      0                 4054        0.020        0.000                      0                 4054        4.020        0.000                       0                  2164  


------------------------------------------------------------------------------------------------
| Inter Clock Table
| -----------------
------------------------------------------------------------------------------------------------

From Clock    To Clock          WNS(ns)      TNS(ns)  TNS Failing Endpoints  TNS Total Endpoints      WHS(ns)      THS(ns)  THS Failing Endpoints  THS Total Endpoints  
----------    --------          -------      -------  ---------------------  -------------------      -------      -------  ---------------------  -------------------  


------------------------------------------------------------------------------------------------
| Other Path Groups Table
| -----------------------
------------------------------------------------------------------------------------------------

Path Group         From Clock         To Clock               WNS(ns)      TNS(ns)  TNS Failing Endpoints  TNS Total Endpoints      WHS(ns)      THS(ns)  THS Failing Endpoints  THS Total Endpoints  
----------         ----------         --------               -------      -------  ---------------------  -------------------      -------      -------  ---------------------  -------------------  
**async_default**  clk_in             clk_in                   1.639        0.000                      0                 2079        0.779        0.000                      0                 2079  


------------------------------------------------------------------------------------------------
| Timing Details
| --------------
------------------------------------------------------------------------------------------------


---------------------------------------------------------------------------------------------------
From Clock:  clk_in
  To Clock:  clk_in

Setup :            0  Failing Endpoints,  Worst Slack        1.430ns,  Total Violation        0.000ns
Hold  :            0  Failing Endpoints,  Worst Slack        0.020ns,  Total Violation        0.000ns
PW    :            0  Failing Endpoints,  Worst Slack        4.020ns,  Total Violation        0.000ns
---------------------------------------------------------------------------------------------------


Max Delay Paths
--------------------------------------------------------------------------------------
Slack (MET) :             1.430ns  (required time - arrival time)
  Source:                 u_gen1/addr_q_reg[31]/C
                            (rising edge-triggered cell FDCE clocked by clk_in  {rise@0.000ns fall@5.000ns period=10.000ns})
  Destination:            u_gen1/ar_count_reg[30]/CE
                            (rising edge-triggered cell FDCE clocked by clk_in  {rise@0.000ns fall@5.000ns period=10.000ns})
  Path Group:             clk_in
  Path Type:              Setup (Max at Slow Process Corner)
  Requirement:            10.000ns  (clk_in rise@10.000ns - clk_in rise@0.000ns)
  Data Path Delay:        8.157ns  (logic 1.647ns (20.191%)  route 6.510ns (79.809%))
  Logic Levels:           6  (LUT4=2 LUT5=3 LUT6=1)
  Clock Path Skew:        -0.173ns (DCD - SCD + CPR)
    Destination Clock Delay (DCD):    4.844ns = ( 14.844 - 10.000 ) 
    Source Clock Delay      (SCD):    5.307ns
    Clock Pessimism Removal (CPR):    0.290ns
  Clock Uncertainty:      0.035ns  ((TSJ^2 + TIJ^2)^1/2 + DJ) / 2 + PE
    Total System Jitter     (TSJ):    0.071ns
    Total Input Jitter      (TIJ):    0.000ns
    Discrete Jitter          (DJ):    0.000ns
    Phase Error              (PE):    0.000ns

    Location             Delay type                Incr(ns)  Path(ns)    Netlist Resource(s)
  -------------------------------------------------------------------    -------------------
                         (clock clk_in rise edge)     0.000     0.000 r  
    H16                                               0.000     0.000 r  clk (IN)
                         net (fo=0)                   0.000     0.000    clk
    H16                  IBUF (Prop_ibuf_I_O)         1.457     1.457 r  clk_IBUF_inst/O
                         net (fo=1, routed)           2.076     3.533    clk_IBUF
    BUFGCTRL_X0Y16       BUFG (Prop_bufg_I_O)         0.101     3.634 r  clk_IBUF_BUFG_inst/O
                         net (fo=2163, routed)        1.673     5.307    u_gen1/clk_IBUF_BUFG
    SLICE_X26Y11         FDCE                                         r  u_gen1/addr_q_reg[31]/C
  -------------------------------------------------------------------    -------------------
    SLICE_X26Y11         FDCE (Prop_fdce_C_Q)         0.456     5.763 f  u_gen1/addr_q_reg[31]/Q
                         net (fo=31, routed)          1.490     7.253    u_gen1/addr_q_reg[31]_0[11]
    SLICE_X36Y3          LUT5 (Prop_lut5_I2_O)        0.124     7.377 r  u_gen1/priority_ptr[0]_i_2__2/O
                         net (fo=4, routed)           0.749     8.126    u_xbar/g_ar_arb[1].u_arb/ar_req1164_out
    SLICE_X38Y1          LUT5 (Prop_lut5_I1_O)        0.150     8.276 r  u_xbar/g_ar_arb[1].u_arb/skid_reg[48]_i_3__2/O
                         net (fo=47, routed)          0.791     9.067    u_xbar/g_ar_arb[0].u_arb/mr_err[1]_i_2
    SLICE_X36Y4          LUT5 (Prop_lut5_I1_O)        0.328     9.395 r  u_xbar/g_ar_arb[0].u_arb/mr_err[1]_i_4/O
                         net (fo=1, routed)           0.444     9.839    u_gen1/p_0_in104_in
    SLICE_X36Y4          LUT6 (Prop_lut6_I4_O)        0.124     9.963 r  u_gen1/mr_err[1]_i_2/O
                         net (fo=18, routed)          1.103    11.066    u_gen1/addr_q_reg[30]_2[0]
    SLICE_X28Y11         LUT4 (Prop_lut4_I1_O)        0.117    11.183 f  u_gen1/r_cnt[7]_i_4__0/O
                         net (fo=36, routed)          0.991    12.174    u_gen1/FSM_sequential_state_reg[2]_0
    SLICE_X20Y15         LUT4 (Prop_lut4_I3_O)        0.348    12.522 r  u_gen1/ar_count[31]_i_1__0/O
                         net (fo=32, routed)          0.942    13.464    u_gen1/ar_count[31]_i_1__0_n_0
    SLICE_X19Y25         FDCE                                         r  u_gen1/ar_count_reg[30]/CE
  -------------------------------------------------------------------    -------------------

                         (clock clk_in rise edge)    10.000    10.000 r  
    H16                                               0.000    10.000 r  clk (IN)
                         net (fo=0)                   0.000    10.000    clk
    H16                  IBUF (Prop_ibuf_I_O)         1.387    11.387 r  clk_IBUF_inst/O
                         net (fo=1, routed)           1.880    13.267    clk_IBUF
    BUFGCTRL_X0Y16       BUFG (Prop_bufg_I_O)         0.091    13.358 r  clk_IBUF_BUFG_inst/O
                         net (fo=2163, routed)        1.486    14.844    u_gen1/clk_IBUF_BUFG
    SLICE_X19Y25         FDCE                                         r  u_gen1/ar_count_reg[30]/C
                         clock pessimism              0.290    15.135    
                         clock uncertainty           -0.035    15.099    
    SLICE_X19Y25         FDCE (Setup_fdce_C_CE)      -0.205    14.894    u_gen1/ar_count_reg[30]
  -------------------------------------------------------------------
                         required time                         14.894    
                         arrival time                         -13.464    
  -------------------------------------------------------------------
                         slack                                  1.430    

Slack (MET) :             1.430ns  (required time - arrival time)
  Source:                 u_gen1/addr_q_reg[31]/C
                            (rising edge-triggered cell FDCE clocked by clk_in  {rise@0.000ns fall@5.000ns period=10.000ns})
  Destination:            u_gen1/ar_count_reg[31]/CE
                            (rising edge-triggered cell FDCE clocked by clk_in  {rise@0.000ns fall@5.000ns period=10.000ns})
  Path Group:             clk_in
  Path Type:              Setup (Max at Slow Process Corner)
  Requirement:            10.000ns  (clk_in rise@10.000ns - clk_in rise@0.000ns)
  Data Path Delay:        8.157ns  (logic 1.647ns (20.191%)  route 6.510ns (79.809%))
  Logic Levels:           6  (LUT4=2 LUT5=3 LUT6=1)
  Clock Path Skew:        -0.173ns (DCD - SCD + CPR)
    Destination Clock Delay (DCD):    4.844ns = ( 14.844 - 10.000 ) 
    Source Clock Delay      (SCD):    5.307ns
    Clock Pessimism Removal (CPR):    0.290ns
  Clock Uncertainty:      0.035ns  ((TSJ^2 + TIJ^2)^1/2 + DJ) / 2 + PE
    Total System Jitter     (TSJ):    0.071ns
    Total Input Jitter      (TIJ):    0.000ns
    Discrete Jitter          (DJ):    0.000ns
    Phase Error              (PE):    0.000ns

    Location             Delay type                Incr(ns)  Path(ns)    Netlist Resource(s)
  -------------------------------------------------------------------    -------------------
                         (clock clk_in rise edge)     0.000     0.000 r  
    H16                                               0.000     0.000 r  clk (IN)
                         net (fo=0)                   0.000     0.000    clk
    H16                  IBUF (Prop_ibuf_I_O)         1.457     1.457 r  clk_IBUF_inst/O
                         net (fo=1, routed)           2.076     3.533    clk_IBUF
    BUFGCTRL_X0Y16       BUFG (Prop_bufg_I_O)         0.101     3.634 r  clk_IBUF_BUFG_inst/O
                         net (fo=2163, routed)        1.673     5.307    u_gen1/clk_IBUF_BUFG
    SLICE_X26Y11         FDCE                                         r  u_gen1/addr_q_reg[31]/C
  -------------------------------------------------------------------    -------------------
    SLICE_X26Y11         FDCE (Prop_fdce_C_Q)         0.456     5.763 f  u_gen1/addr_q_reg[31]/Q
                         net (fo=31, routed)          1.490     7.253    u_gen1/addr_q_reg[31]_0[11]
    SLICE_X36Y3          LUT5 (Prop_lut5_I2_O)        0.124     7.377 r  u_gen1/priority_ptr[0]_i_2__2/O
                         net (fo=4, routed)           0.749     8.126    u_xbar/g_ar_arb[1].u_arb/ar_req1164_out
    SLICE_X38Y1          LUT5 (Prop_lut5_I1_O)        0.150     8.276 r  u_xbar/g_ar_arb[1].u_arb/skid_reg[48]_i_3__2/O
                         net (fo=47, routed)          0.791     9.067    u_xbar/g_ar_arb[0].u_arb/mr_err[1]_i_2
    SLICE_X36Y4          LUT5 (Prop_lut5_I1_O)        0.328     9.395 r  u_xbar/g_ar_arb[0].u_arb/mr_err[1]_i_4/O
                         net (fo=1, routed)           0.444     9.839    u_gen1/p_0_in104_in
    SLICE_X36Y4          LUT6 (Prop_lut6_I4_O)        0.124     9.963 r  u_gen1/mr_err[1]_i_2/O
                         net (fo=18, routed)          1.103    11.066    u_gen1/addr_q_reg[30]_2[0]
    SLICE_X28Y11         LUT4 (Prop_lut4_I1_O)        0.117    11.183 f  u_gen1/r_cnt[7]_i_4__0/O
                         net (fo=36, routed)          0.991    12.174    u_gen1/FSM_sequential_state_reg[2]_0
    SLICE_X20Y15         LUT4 (Prop_lut4_I3_O)        0.348    12.522 r  u_gen1/ar_count[31]_i_1__0/O
                         net (fo=32, routed)          0.942    13.464    u_gen1/ar_count[31]_i_1__0_n_0
    SLICE_X19Y25         FDCE                                         r  u_gen1/ar_count_reg[31]/CE
  -------------------------------------------------------------------    -------------------

                         (clock clk_in rise edge)    10.000    10.000 r  
    H16                                               0.000    10.000 r  clk (IN)
                         net (fo=0)                   0.000    10.000    clk
    H16                  IBUF (Prop_ibuf_I_O)         1.387    11.387 r  clk_IBUF_inst/O
                         net (fo=1, routed)           1.880    13.267    clk_IBUF
    BUFGCTRL_X0Y16       BUFG (Prop_bufg_I_O)         0.091    13.358 r  clk_IBUF_BUFG_inst/O
                         net (fo=2163, routed)        1.486    14.844    u_gen1/clk_IBUF_BUFG
    SLICE_X19Y25         FDCE                                         r  u_gen1/ar_count_reg[31]/C
                         clock pessimism              0.290    15.135    
                         clock uncertainty           -0.035    15.099    
    SLICE_X19Y25         FDCE (Setup_fdce_C_CE)      -0.205    14.894    u_gen1/ar_count_reg[31]
  -------------------------------------------------------------------
                         required time                         14.894    
                         arrival time                         -13.464    
  -------------------------------------------------------------------
                         slack                                  1.430    

Slack (MET) :             1.490ns  (required time - arrival time)
  Source:                 u_gen1/addr_q_reg[31]/C
                            (rising edge-triggered cell FDCE clocked by clk_in  {rise@0.000ns fall@5.000ns period=10.000ns})
  Destination:            u_gen1/ar_count_reg[24]/CE
                            (rising edge-triggered cell FDCE clocked by clk_in  {rise@0.000ns fall@5.000ns period=10.000ns})
  Path Group:             clk_in
  Path Type:              Setup (Max at Slow Process Corner)
  Requirement:            10.000ns  (clk_in rise@10.000ns - clk_in rise@0.000ns)
  Data Path Delay:        8.135ns  (logic 1.647ns (20.247%)  route 6.488ns (79.753%))
  Logic Levels:           6  (LUT4=2 LUT5=3 LUT6=1)
  Clock Path Skew:        -0.172ns (DCD - SCD + CPR)
    Destination Clock Delay (DCD):    4.845ns = ( 14.845 - 10.000 ) 
    Source Clock Delay      (SCD):    5.307ns
    Clock Pessimism Removal (CPR):    0.290ns
  Clock Uncertainty:      0.035ns  ((TSJ^2 + TIJ^2)^1/2 + DJ) / 2 + PE
    Total System Jitter     (TSJ):    0.071ns
    Total Input Jitter      (TIJ):    0.000ns
    Discrete Jitter          (DJ):    0.000ns
    Phase Error              (PE):    0.000ns

    Location             Delay type                Incr(ns)  Path(ns)    Netlist Resource(s)
  -------------------------------------------------------------------    -------------------
                         (clock clk_in rise edge)     0.000     0.000 r  
    H16                                               0.000     0.000 r  clk (IN)
                         net (fo=0)                   0.000     0.000    clk
    H16                  IBUF (Prop_ibuf_I_O)         1.457     1.457 r  clk_IBUF_inst/O
                         net (fo=1, routed)           2.076     3.533    clk_IBUF
    BUFGCTRL_X0Y16       BUFG (Prop_bufg_I_O)         0.101     3.634 r  clk_IBUF_BUFG_inst/O
                         net (fo=2163, routed)        1.673     5.307    u_gen1/clk_IBUF_BUFG
    SLICE_X26Y11         FDCE                                         r  u_gen1/addr_q_reg[31]/C
  -------------------------------------------------------------------    -------------------
    SLICE_X26Y11         FDCE (Prop_fdce_C_Q)         0.456     5.763 f  u_gen1/addr_q_reg[31]/Q
                         net (fo=31, routed)          1.490     7.253    u_gen1/addr_q_reg[31]_0[11]
    SLICE_X36Y3          LUT5 (Prop_lut5_I2_O)        0.124     7.377 r  u_gen1/priority_ptr[0]_i_2__2/O
                         net (fo=4, routed)           0.749     8.126    u_xbar/g_ar_arb[1].u_arb/ar_req1164_out
    SLICE_X38Y1          LUT5 (Prop_lut5_I1_O)        0.150     8.276 r  u_xbar/g_ar_arb[1].u_arb/skid_reg[48]_i_3__2/O
                         net (fo=47, routed)          0.791     9.067    u_xbar/g_ar_arb[0].u_arb/mr_err[1]_i_2
    SLICE_X36Y4          LUT5 (Prop_lut5_I1_O)        0.328     9.395 r  u_xbar/g_ar_arb[0].u_arb/mr_err[1]_i_4/O
                         net (fo=1, routed)           0.444     9.839    u_gen1/p_0_in104_in
    SLICE_X36Y4          LUT6 (Prop_lut6_I4_O)        0.124     9.963 r  u_gen1/mr_err[1]_i_2/O
                         net (fo=18, routed)          1.103    11.066    u_gen1/addr_q_reg[30]_2[0]
    SLICE_X28Y11         LUT4 (Prop_lut4_I1_O)        0.117    11.183 f  u_gen1/r_cnt[7]_i_4__0/O
                         net (fo=36, routed)          0.991    12.174    u_gen1/FSM_sequential_state_reg[2]_0
    SLICE_X20Y15         LUT4 (Prop_lut4_I3_O)        0.348    12.522 r  u_gen1/ar_count[31]_i_1__0/O
                         net (fo=32, routed)          0.920    13.442    u_gen1/ar_count[31]_i_1__0_n_0
    SLICE_X20Y26         FDCE                                         r  u_gen1/ar_count_reg[24]/CE
  -------------------------------------------------------------------    -------------------

                         (clock clk_in rise edge)    10.000    10.000 r  
    H16                                               0.000    10.000 r  clk (IN)
                         net (fo=0)                   0.000    10.000    clk
    H16                  IBUF (Prop_ibuf_I_O)         1.387    11.387 r  clk_IBUF_inst/O
                         net (fo=1, routed)           1.880    13.267    clk_IBUF
    BUFGCTRL_X0Y16       BUFG (Prop_bufg_I_O)         0.091    13.358 r  clk_IBUF_BUFG_inst/O
                         net (fo=2163, routed)        1.487    14.845    u_gen1/clk_IBUF_BUFG
    SLICE_X20Y26         FDCE                                         r  u_gen1/ar_count_reg[24]/C
                         clock pessimism              0.290    15.136    
                         clock uncertainty           -0.035    15.100    
    SLICE_X20Y26         FDCE (Setup_fdce_C_CE)      -0.169    14.931    u_gen1/ar_count_reg[24]
  -------------------------------------------------------------------
                         required time                         14.931    
                         arrival time                         -13.442    
  -------------------------------------------------------------------
                         slack                                  1.490    

Slack (MET) :             1.490ns  (required time - arrival time)
  Source:                 u_gen1/addr_q_reg[31]/C
                            (rising edge-triggered cell FDCE clocked by clk_in  {rise@0.000ns fall@5.000ns period=10.000ns})
  Destination:            u_gen1/ar_count_reg[25]/CE
                            (rising edge-triggered cell FDCE clocked by clk_in  {rise@0.000ns fall@5.000ns period=10.000ns})
  Path Group:             clk_in
  Path Type:              Setup (Max at Slow Process Corner)
  Requirement:            10.000ns  (clk_in rise@10.000ns - clk_in rise@0.000ns)
  Data Path Delay:        8.135ns  (logic 1.647ns (20.247%)  route 6.488ns (79.753%))
  Logic Levels:           6  (LUT4=2 LUT5=3 LUT6=1)
  Clock Path Skew:        -0.172ns (DCD - SCD + CPR)
    Destination Clock Delay (DCD):    4.845ns = ( 14.845 - 10.000 ) 
    Source Clock Delay      (SCD):    5.307ns
    Clock Pessimism Removal (CPR):    0.290ns
  Clock Uncertainty:      0.035ns  ((TSJ^2 + TIJ^2)^1/2 + DJ) / 2 + PE
    Total System Jitter     (TSJ):    0.071ns
    Total Input Jitter      (TIJ):    0.000ns
    Discrete Jitter          (DJ):    0.000ns
    Phase Error              (PE):    0.000ns

    Location             Delay type                Incr(ns)  Path(ns)    Netlist Resource(s)
  -------------------------------------------------------------------    -------------------
                         (clock clk_in rise edge)     0.000     0.000 r  
    H16                                               0.000     0.000 r  clk (IN)
                         net (fo=0)                   0.000     0.000    clk
    H16                  IBUF (Prop_ibuf_I_O)         1.457     1.457 r  clk_IBUF_inst/O
                         net (fo=1, routed)           2.076     3.533    clk_IBUF
    BUFGCTRL_X0Y16       BUFG (Prop_bufg_I_O)         0.101     3.634 r  clk_IBUF_BUFG_inst/O
                         net (fo=2163, routed)        1.673     5.307    u_gen1/clk_IBUF_BUFG
    SLICE_X26Y11         FDCE                                         r  u_gen1/addr_q_reg[31]/C
  -------------------------------------------------------------------    -------------------
    SLICE_X26Y11         FDCE (Prop_fdce_C_Q)         0.456     5.763 f  u_gen1/addr_q_reg[31]/Q
                         net (fo=31, routed)          1.490     7.253    u_gen1/addr_q_reg[31]_0[11]
    SLICE_X36Y3          LUT5 (Prop_lut5_I2_O)        0.124     7.377 r  u_gen1/priority_ptr[0]_i_2__2/O
                         net (fo=4, routed)           0.749     8.126    u_xbar/g_ar_arb[1].u_arb/ar_req1164_out
    SLICE_X38Y1          LUT5 (Prop_lut5_I1_O)        0.150     8.276 r  u_xbar/g_ar_arb[1].u_arb/skid_reg[48]_i_3__2/O
                         net (fo=47, routed)          0.791     9.067    u_xbar/g_ar_arb[0].u_arb/mr_err[1]_i_2
    SLICE_X36Y4          LUT5 (Prop_lut5_I1_O)        0.328     9.395 r  u_xbar/g_ar_arb[0].u_arb/mr_err[1]_i_4/O
                         net (fo=1, routed)           0.444     9.839    u_gen1/p_0_in104_in
    SLICE_X36Y4          LUT6 (Prop_lut6_I4_O)        0.124     9.963 r  u_gen1/mr_err[1]_i_2/O
                         net (fo=18, routed)          1.103    11.066    u_gen1/addr_q_reg[30]_2[0]
    SLICE_X28Y11         LUT4 (Prop_lut4_I1_O)        0.117    11.183 f  u_gen1/r_cnt[7]_i_4__0/O
                         net (fo=36, routed)          0.991    12.174    u_gen1/FSM_sequential_state_reg[2]_0
    SLICE_X20Y15         LUT4 (Prop_lut4_I3_O)        0.348    12.522 r  u_gen1/ar_count[31]_i_1__0/O
                         net (fo=32, routed)          0.920    13.442    u_gen1/ar_count[31]_i_1__0_n_0
    SLICE_X20Y26         FDCE                                         r  u_gen1/ar_count_reg[25]/CE
  -------------------------------------------------------------------    -------------------

                         (clock clk_in rise edge)    10.000    10.000 r  
    H16                                               0.000    10.000 r  clk (IN)
                         net (fo=0)                   0.000    10.000    clk
    H16                  IBUF (Prop_ibuf_I_O)         1.387    11.387 r  clk_IBUF_inst/O
                         net (fo=1, routed)           1.880    13.267    clk_IBUF
    BUFGCTRL_X0Y16       BUFG (Prop_bufg_I_O)         0.091    13.358 r  clk_IBUF_BUFG_inst/O
                         net (fo=2163, routed)        1.487    14.845    u_gen1/clk_IBUF_BUFG
    SLICE_X20Y26         FDCE                                         r  u_gen1/ar_count_reg[25]/C
                         clock pessimism              0.290    15.136    
                         clock uncertainty           -0.035    15.100    
    SLICE_X20Y26         FDCE (Setup_fdce_C_CE)      -0.169    14.931    u_gen1/ar_count_reg[25]
  -------------------------------------------------------------------
                         required time                         14.931    
                         arrival time                         -13.442    
  -------------------------------------------------------------------
                         slack                                  1.490    

Slack (MET) :             1.490ns  (required time - arrival time)
  Source:                 u_gen1/addr_q_reg[31]/C
                            (rising edge-triggered cell FDCE clocked by clk_in  {rise@0.000ns fall@5.000ns period=10.000ns})
  Destination:            u_gen1/ar_count_reg[26]/CE
                            (rising edge-triggered cell FDCE clocked by clk_in  {rise@0.000ns fall@5.000ns period=10.000ns})
  Path Group:             clk_in
  Path Type:              Setup (Max at Slow Process Corner)
  Requirement:            10.000ns  (clk_in rise@10.000ns - clk_in rise@0.000ns)
  Data Path Delay:        8.135ns  (logic 1.647ns (20.247%)  route 6.488ns (79.753%))
  Logic Levels:           6  (LUT4=2 LUT5=3 LUT6=1)
  Clock Path Skew:        -0.172ns (DCD - SCD + CPR)
    Destination Clock Delay (DCD):    4.845ns = ( 14.845 - 10.000 ) 
    Source Clock Delay      (SCD):    5.307ns
    Clock Pessimism Removal (CPR):    0.290ns
  Clock Uncertainty:      0.035ns  ((TSJ^2 + TIJ^2)^1/2 + DJ) / 2 + PE
    Total System Jitter     (TSJ):    0.071ns
    Total Input Jitter      (TIJ):    0.000ns
    Discrete Jitter          (DJ):    0.000ns
    Phase Error              (PE):    0.000ns

    Location             Delay type                Incr(ns)  Path(ns)    Netlist Resource(s)
  -------------------------------------------------------------------    -------------------
                         (clock clk_in rise edge)     0.000     0.000 r  
    H16                                               0.000     0.000 r  clk (IN)
                         net (fo=0)                   0.000     0.000    clk
    H16                  IBUF (Prop_ibuf_I_O)         1.457     1.457 r  clk_IBUF_inst/O
                         net (fo=1, routed)           2.076     3.533    clk_IBUF
    BUFGCTRL_X0Y16       BUFG (Prop_bufg_I_O)         0.101     3.634 r  clk_IBUF_BUFG_inst/O
                         net (fo=2163, routed)        1.673     5.307    u_gen1/clk_IBUF_BUFG
    SLICE_X26Y11         FDCE                                         r  u_gen1/addr_q_reg[31]/C
  -------------------------------------------------------------------    -------------------
    SLICE_X26Y11         FDCE (Prop_fdce_C_Q)         0.456     5.763 f  u_gen1/addr_q_reg[31]/Q
                         net (fo=31, routed)          1.490     7.253    u_gen1/addr_q_reg[31]_0[11]
    SLICE_X36Y3          LUT5 (Prop_lut5_I2_O)        0.124     7.377 r  u_gen1/priority_ptr[0]_i_2__2/O
                         net (fo=4, routed)           0.749     8.126    u_xbar/g_ar_arb[1].u_arb/ar_req1164_out
    SLICE_X38Y1          LUT5 (Prop_lut5_I1_O)        0.150     8.276 r  u_xbar/g_ar_arb[1].u_arb/skid_reg[48]_i_3__2/O
                         net (fo=47, routed)          0.791     9.067    u_xbar/g_ar_arb[0].u_arb/mr_err[1]_i_2
    SLICE_X36Y4          LUT5 (Prop_lut5_I1_O)        0.328     9.395 r  u_xbar/g_ar_arb[0].u_arb/mr_err[1]_i_4/O
                         net (fo=1, routed)           0.444     9.839    u_gen1/p_0_in104_in
    SLICE_X36Y4          LUT6 (Prop_lut6_I4_O)        0.124     9.963 r  u_gen1/mr_err[1]_i_2/O
                         net (fo=18, routed)          1.103    11.066    u_gen1/addr_q_reg[30]_2[0]
    SLICE_X28Y11         LUT4 (Prop_lut4_I1_O)        0.117    11.183 f  u_gen1/r_cnt[7]_i_4__0/O
                         net (fo=36, routed)          0.991    12.174    u_gen1/FSM_sequential_state_reg[2]_0
    SLICE_X20Y15         LUT4 (Prop_lut4_I3_O)        0.348    12.522 r  u_gen1/ar_count[31]_i_1__0/O
                         net (fo=32, routed)          0.920    13.442    u_gen1/ar_count[31]_i_1__0_n_0
    SLICE_X20Y26         FDCE                                         r  u_gen1/ar_count_reg[26]/CE
  -------------------------------------------------------------------    -------------------

                         (clock clk_in rise edge)    10.000    10.000 r  
    H16                                               0.000    10.000 r  clk (IN)
                         net (fo=0)                   0.000    10.000    clk
    H16                  IBUF (Prop_ibuf_I_O)         1.387    11.387 r  clk_IBUF_inst/O
                         net (fo=1, routed)           1.880    13.267    clk_IBUF
    BUFGCTRL_X0Y16       BUFG (Prop_bufg_I_O)         0.091    13.358 r  clk_IBUF_BUFG_inst/O
                         net (fo=2163, routed)        1.487    14.845    u_gen1/clk_IBUF_BUFG
    SLICE_X20Y26         FDCE                                         r  u_gen1/ar_count_reg[26]/C
                         clock pessimism              0.290    15.136    
                         clock uncertainty           -0.035    15.100    
    SLICE_X20Y26         FDCE (Setup_fdce_C_CE)      -0.169    14.931    u_gen1/ar_count_reg[26]
  -------------------------------------------------------------------
                         required time                         14.931    
                         arrival time                         -13.442    
  -------------------------------------------------------------------
                         slack                                  1.490    

Slack (MET) :             1.490ns  (required time - arrival time)
  Source:                 u_gen1/addr_q_reg[31]/C
                            (rising edge-triggered cell FDCE clocked by clk_in  {rise@0.000ns fall@5.000ns period=10.000ns})
  Destination:            u_gen1/ar_count_reg[27]/CE
                            (rising edge-triggered cell FDCE clocked by clk_in  {rise@0.000ns fall@5.000ns period=10.000ns})
  Path Group:             clk_in
  Path Type:              Setup (Max at Slow Process Corner)
  Requirement:            10.000ns  (clk_in rise@10.000ns - clk_in rise@0.000ns)
  Data Path Delay:        8.135ns  (logic 1.647ns (20.247%)  route 6.488ns (79.753%))
  Logic Levels:           6  (LUT4=2 LUT5=3 LUT6=1)
  Clock Path Skew:        -0.172ns (DCD - SCD + CPR)
    Destination Clock Delay (DCD):    4.845ns = ( 14.845 - 10.000 ) 
    Source Clock Delay      (SCD):    5.307ns
    Clock Pessimism Removal (CPR):    0.290ns
  Clock Uncertainty:      0.035ns  ((TSJ^2 + TIJ^2)^1/2 + DJ) / 2 + PE
    Total System Jitter     (TSJ):    0.071ns
    Total Input Jitter      (TIJ):    0.000ns
    Discrete Jitter          (DJ):    0.000ns
    Phase Error              (PE):    0.000ns

    Location             Delay type                Incr(ns)  Path(ns)    Netlist Resource(s)
  -------------------------------------------------------------------    -------------------
                         (clock clk_in rise edge)     0.000     0.000 r  
    H16                                               0.000     0.000 r  clk (IN)
                         net (fo=0)                   0.000     0.000    clk
    H16                  IBUF (Prop_ibuf_I_O)         1.457     1.457 r  clk_IBUF_inst/O
                         net (fo=1, routed)           2.076     3.533    clk_IBUF
    BUFGCTRL_X0Y16       BUFG (Prop_bufg_I_O)         0.101     3.634 r  clk_IBUF_BUFG_inst/O
                         net (fo=2163, routed)        1.673     5.307    u_gen1/clk_IBUF_BUFG
    SLICE_X26Y11         FDCE                                         r  u_gen1/addr_q_reg[31]/C
  -------------------------------------------------------------------    -------------------
    SLICE_X26Y11         FDCE (Prop_fdce_C_Q)         0.456     5.763 f  u_gen1/addr_q_reg[31]/Q
                         net (fo=31, routed)          1.490     7.253    u_gen1/addr_q_reg[31]_0[11]
    SLICE_X36Y3          LUT5 (Prop_lut5_I2_O)        0.124     7.377 r  u_gen1/priority_ptr[0]_i_2__2/O
                         net (fo=4, routed)           0.749     8.126    u_xbar/g_ar_arb[1].u_arb/ar_req1164_out
    SLICE_X38Y1          LUT5 (Prop_lut5_I1_O)        0.150     8.276 r  u_xbar/g_ar_arb[1].u_arb/skid_reg[48]_i_3__2/O
                         net (fo=47, routed)          0.791     9.067    u_xbar/g_ar_arb[0].u_arb/mr_err[1]_i_2
    SLICE_X36Y4          LUT5 (Prop_lut5_I1_O)        0.328     9.395 r  u_xbar/g_ar_arb[0].u_arb/mr_err[1]_i_4/O
                         net (fo=1, routed)           0.444     9.839    u_gen1/p_0_in104_in
    SLICE_X36Y4          LUT6 (Prop_lut6_I4_O)        0.124     9.963 r  u_gen1/mr_err[1]_i_2/O
                         net (fo=18, routed)          1.103    11.066    u_gen1/addr_q_reg[30]_2[0]
    SLICE_X28Y11         LUT4 (Prop_lut4_I1_O)        0.117    11.183 f  u_gen1/r_cnt[7]_i_4__0/O
                         net (fo=36, routed)          0.991    12.174    u_gen1/FSM_sequential_state_reg[2]_0
    SLICE_X20Y15         LUT4 (Prop_lut4_I3_O)        0.348    12.522 r  u_gen1/ar_count[31]_i_1__0/O
                         net (fo=32, routed)          0.920    13.442    u_gen1/ar_count[31]_i_1__0_n_0
    SLICE_X20Y26         FDCE                                         r  u_gen1/ar_count_reg[27]/CE
  -------------------------------------------------------------------    -------------------

                         (clock clk_in rise edge)    10.000    10.000 r  
    H16                                               0.000    10.000 r  clk (IN)
                         net (fo=0)                   0.000    10.000    clk
    H16                  IBUF (Prop_ibuf_I_O)         1.387    11.387 r  clk_IBUF_inst/O
                         net (fo=1, routed)           1.880    13.267    clk_IBUF
    BUFGCTRL_X0Y16       BUFG (Prop_bufg_I_O)         0.091    13.358 r  clk_IBUF_BUFG_inst/O
                         net (fo=2163, routed)        1.487    14.845    u_gen1/clk_IBUF_BUFG
    SLICE_X20Y26         FDCE                                         r  u_gen1/ar_count_reg[27]/C
                         clock pessimism              0.290    15.136    
                         clock uncertainty           -0.035    15.100    
    SLICE_X20Y26         FDCE (Setup_fdce_C_CE)      -0.169    14.931    u_gen1/ar_count_reg[27]
  -------------------------------------------------------------------
                         required time                         14.931    
                         arrival time                         -13.442    
  -------------------------------------------------------------------
                         slack                                  1.490    

Slack (MET) :             1.490ns  (required time - arrival time)
  Source:                 u_gen1/addr_q_reg[31]/C
                            (rising edge-triggered cell FDCE clocked by clk_in  {rise@0.000ns fall@5.000ns period=10.000ns})
  Destination:            u_gen1/ar_count_reg[28]/CE
                            (rising edge-triggered cell FDCE clocked by clk_in  {rise@0.000ns fall@5.000ns period=10.000ns})
  Path Group:             clk_in
  Path Type:              Setup (Max at Slow Process Corner)
  Requirement:            10.000ns  (clk_in rise@10.000ns - clk_in rise@0.000ns)
  Data Path Delay:        8.135ns  (logic 1.647ns (20.247%)  route 6.488ns (79.753%))
  Logic Levels:           6  (LUT4=2 LUT5=3 LUT6=1)
  Clock Path Skew:        -0.172ns (DCD - SCD + CPR)
    Destination Clock Delay (DCD):    4.845ns = ( 14.845 - 10.000 ) 
    Source Clock Delay      (SCD):    5.307ns
    Clock Pessimism Removal (CPR):    0.290ns
  Clock Uncertainty:      0.035ns  ((TSJ^2 + TIJ^2)^1/2 + DJ) / 2 + PE
    Total System Jitter     (TSJ):    0.071ns
    Total Input Jitter      (TIJ):    0.000ns
    Discrete Jitter          (DJ):    0.000ns
    Phase Error              (PE):    0.000ns

    Location             Delay type                Incr(ns)  Path(ns)    Netlist Resource(s)
  -------------------------------------------------------------------    -------------------
                         (clock clk_in rise edge)     0.000     0.000 r  
    H16                                               0.000     0.000 r  clk (IN)
                         net (fo=0)                   0.000     0.000    clk
    H16                  IBUF (Prop_ibuf_I_O)         1.457     1.457 r  clk_IBUF_inst/O
                         net (fo=1, routed)           2.076     3.533    clk_IBUF
    BUFGCTRL_X0Y16       BUFG (Prop_bufg_I_O)         0.101     3.634 r  clk_IBUF_BUFG_inst/O
                         net (fo=2163, routed)        1.673     5.307    u_gen1/clk_IBUF_BUFG
    SLICE_X26Y11         FDCE                                         r  u_gen1/addr_q_reg[31]/C
  -------------------------------------------------------------------    -------------------
    SLICE_X26Y11         FDCE (Prop_fdce_C_Q)         0.456     5.763 f  u_gen1/addr_q_reg[31]/Q
                         net (fo=31, routed)          1.490     7.253    u_gen1/addr_q_reg[31]_0[11]
    SLICE_X36Y3          LUT5 (Prop_lut5_I2_O)        0.124     7.377 r  u_gen1/priority_ptr[0]_i_2__2/O
                         net (fo=4, routed)           0.749     8.126    u_xbar/g_ar_arb[1].u_arb/ar_req1164_out
    SLICE_X38Y1          LUT5 (Prop_lut5_I1_O)        0.150     8.276 r  u_xbar/g_ar_arb[1].u_arb/skid_reg[48]_i_3__2/O
                         net (fo=47, routed)          0.791     9.067    u_xbar/g_ar_arb[0].u_arb/mr_err[1]_i_2
    SLICE_X36Y4          LUT5 (Prop_lut5_I1_O)        0.328     9.395 r  u_xbar/g_ar_arb[0].u_arb/mr_err[1]_i_4/O
                         net (fo=1, routed)           0.444     9.839    u_gen1/p_0_in104_in
    SLICE_X36Y4          LUT6 (Prop_lut6_I4_O)        0.124     9.963 r  u_gen1/mr_err[1]_i_2/O
                         net (fo=18, routed)          1.103    11.066    u_gen1/addr_q_reg[30]_2[0]
    SLICE_X28Y11         LUT4 (Prop_lut4_I1_O)        0.117    11.183 f  u_gen1/r_cnt[7]_i_4__0/O
                         net (fo=36, routed)          0.991    12.174    u_gen1/FSM_sequential_state_reg[2]_0
    SLICE_X20Y15         LUT4 (Prop_lut4_I3_O)        0.348    12.522 r  u_gen1/ar_count[31]_i_1__0/O
                         net (fo=32, routed)          0.920    13.442    u_gen1/ar_count[31]_i_1__0_n_0
    SLICE_X20Y26         FDCE                                         r  u_gen1/ar_count_reg[28]/CE
  -------------------------------------------------------------------    -------------------

                         (clock clk_in rise edge)    10.000    10.000 r  
    H16                                               0.000    10.000 r  clk (IN)
                         net (fo=0)                   0.000    10.000    clk
    H16                  IBUF (Prop_ibuf_I_O)         1.387    11.387 r  clk_IBUF_inst/O
                         net (fo=1, routed)           1.880    13.267    clk_IBUF
    BUFGCTRL_X0Y16       BUFG (Prop_bufg_I_O)         0.091    13.358 r  clk_IBUF_BUFG_inst/O
                         net (fo=2163, routed)        1.487    14.845    u_gen1/clk_IBUF_BUFG
    SLICE_X20Y26         FDCE                                         r  u_gen1/ar_count_reg[28]/C
                         clock pessimism              0.290    15.136    
                         clock uncertainty           -0.035    15.100    
    SLICE_X20Y26         FDCE (Setup_fdce_C_CE)      -0.169    14.931    u_gen1/ar_count_reg[28]
  -------------------------------------------------------------------
                         required time                         14.931    
                         arrival time                         -13.442    
  -------------------------------------------------------------------
                         slack                                  1.490    

Slack (MET) :             1.490ns  (required time - arrival time)
  Source:                 u_gen1/addr_q_reg[31]/C
                            (rising edge-triggered cell FDCE clocked by clk_in  {rise@0.000ns fall@5.000ns period=10.000ns})
  Destination:            u_gen1/ar_count_reg[29]/CE
                            (rising edge-triggered cell FDCE clocked by clk_in  {rise@0.000ns fall@5.000ns period=10.000ns})
  Path Group:             clk_in
  Path Type:              Setup (Max at Slow Process Corner)
  Requirement:            10.000ns  (clk_in rise@10.000ns - clk_in rise@0.000ns)
  Data Path Delay:        8.135ns  (logic 1.647ns (20.247%)  route 6.488ns (79.753%))
  Logic Levels:           6  (LUT4=2 LUT5=3 LUT6=1)
  Clock Path Skew:        -0.172ns (DCD - SCD + CPR)
    Destination Clock Delay (DCD):    4.845ns = ( 14.845 - 10.000 ) 
    Source Clock Delay      (SCD):    5.307ns
    Clock Pessimism Removal (CPR):    0.290ns
  Clock Uncertainty:      0.035ns  ((TSJ^2 + TIJ^2)^1/2 + DJ) / 2 + PE
    Total System Jitter     (TSJ):    0.071ns
    Total Input Jitter      (TIJ):    0.000ns
    Discrete Jitter          (DJ):    0.000ns
    Phase Error              (PE):    0.000ns

    Location             Delay type                Incr(ns)  Path(ns)    Netlist Resource(s)
  -------------------------------------------------------------------    -------------------
                         (clock clk_in rise edge)     0.000     0.000 r  
    H16                                               0.000     0.000 r  clk (IN)
                         net (fo=0)                   0.000     0.000    clk
    H16                  IBUF (Prop_ibuf_I_O)         1.457     1.457 r  clk_IBUF_inst/O
                         net (fo=1, routed)           2.076     3.533    clk_IBUF
    BUFGCTRL_X0Y16       BUFG (Prop_bufg_I_O)         0.101     3.634 r  clk_IBUF_BUFG_inst/O
                         net (fo=2163, routed)        1.673     5.307    u_gen1/clk_IBUF_BUFG
    SLICE_X26Y11         FDCE                                         r  u_gen1/addr_q_reg[31]/C
  -------------------------------------------------------------------    -------------------
    SLICE_X26Y11         FDCE (Prop_fdce_C_Q)         0.456     5.763 f  u_gen1/addr_q_reg[31]/Q
                         net (fo=31, routed)          1.490     7.253    u_gen1/addr_q_reg[31]_0[11]
    SLICE_X36Y3          LUT5 (Prop_lut5_I2_O)        0.124     7.377 r  u_gen1/priority_ptr[0]_i_2__2/O
                         net (fo=4, routed)           0.749     8.126    u_xbar/g_ar_arb[1].u_arb/ar_req1164_out
    SLICE_X38Y1          LUT5 (Prop_lut5_I1_O)        0.150     8.276 r  u_xbar/g_ar_arb[1].u_arb/skid_reg[48]_i_3__2/O
                         net (fo=47, routed)          0.791     9.067    u_xbar/g_ar_arb[0].u_arb/mr_err[1]_i_2
    SLICE_X36Y4          LUT5 (Prop_lut5_I1_O)        0.328     9.395 r  u_xbar/g_ar_arb[0].u_arb/mr_err[1]_i_4/O
                         net (fo=1, routed)           0.444     9.839    u_gen1/p_0_in104_in
    SLICE_X36Y4          LUT6 (Prop_lut6_I4_O)        0.124     9.963 r  u_gen1/mr_err[1]_i_2/O
                         net (fo=18, routed)          1.103    11.066    u_gen1/addr_q_reg[30]_2[0]
    SLICE_X28Y11         LUT4 (Prop_lut4_I1_O)        0.117    11.183 f  u_gen1/r_cnt[7]_i_4__0/O
                         net (fo=36, routed)          0.991    12.174    u_gen1/FSM_sequential_state_reg[2]_0
    SLICE_X20Y15         LUT4 (Prop_lut4_I3_O)        0.348    12.522 r  u_gen1/ar_count[31]_i_1__0/O
                         net (fo=32, routed)          0.920    13.442    u_gen1/ar_count[31]_i_1__0_n_0
    SLICE_X20Y26         FDCE                                         r  u_gen1/ar_count_reg[29]/CE
  -------------------------------------------------------------------    -------------------

                         (clock clk_in rise edge)    10.000    10.000 r  
    H16                                               0.000    10.000 r  clk (IN)
                         net (fo=0)                   0.000    10.000    clk
    H16                  IBUF (Prop_ibuf_I_O)         1.387    11.387 r  clk_IBUF_inst/O
                         net (fo=1, routed)           1.880    13.267    clk_IBUF
    BUFGCTRL_X0Y16       BUFG (Prop_bufg_I_O)         0.091    13.358 r  clk_IBUF_BUFG_inst/O
                         net (fo=2163, routed)        1.487    14.845    u_gen1/clk_IBUF_BUFG
    SLICE_X20Y26         FDCE                                         r  u_gen1/ar_count_reg[29]/C
                         clock pessimism              0.290    15.136    
                         clock uncertainty           -0.035    15.100    
    SLICE_X20Y26         FDCE (Setup_fdce_C_CE)      -0.169    14.931    u_gen1/ar_count_reg[29]
  -------------------------------------------------------------------
                         required time                         14.931    
                         arrival time                         -13.442    
  -------------------------------------------------------------------
                         slack                                  1.490    

Slack (MET) :             1.517ns  (required time - arrival time)
  Source:                 u_gen1/addr_q_reg[31]/C
                            (rising edge-triggered cell FDCE clocked by clk_in  {rise@0.000ns fall@5.000ns period=10.000ns})
  Destination:            u_ctrl/err_cnt_reg[1][29]/D
                            (rising edge-triggered cell FDCE clocked by clk_in  {rise@0.000ns fall@5.000ns period=10.000ns})
  Path Group:             clk_in
  Path Type:              Setup (Max at Slow Process Corner)
  Requirement:            10.000ns  (clk_in rise@10.000ns - clk_in rise@0.000ns)
  Data Path Delay:        8.349ns  (logic 2.904ns (34.781%)  route 5.445ns (65.219%))
  Logic Levels:           13  (CARRY4=8 LUT4=1 LUT5=3 LUT6=1)
  Clock Path Skew:        -0.161ns (DCD - SCD + CPR)
    Destination Clock Delay (DCD):    4.856ns = ( 14.856 - 10.000 ) 
    Source Clock Delay      (SCD):    5.307ns
    Clock Pessimism Removal (CPR):    0.290ns
  Clock Uncertainty:      0.035ns  ((TSJ^2 + TIJ^2)^1/2 + DJ) / 2 + PE
    Total System Jitter     (TSJ):    0.071ns
    Total Input Jitter      (TIJ):    0.000ns
    Discrete Jitter          (DJ):    0.000ns
    Phase Error              (PE):    0.000ns

    Location             Delay type                Incr(ns)  Path(ns)    Netlist Resource(s)
  -------------------------------------------------------------------    -------------------
                         (clock clk_in rise edge)     0.000     0.000 r  
    H16                                               0.000     0.000 r  clk (IN)
                         net (fo=0)                   0.000     0.000    clk
    H16                  IBUF (Prop_ibuf_I_O)         1.457     1.457 r  clk_IBUF_inst/O
                         net (fo=1, routed)           2.076     3.533    clk_IBUF
    BUFGCTRL_X0Y16       BUFG (Prop_bufg_I_O)         0.101     3.634 r  clk_IBUF_BUFG_inst/O
                         net (fo=2163, routed)        1.673     5.307    u_gen1/clk_IBUF_BUFG
    SLICE_X26Y11         FDCE                                         r  u_gen1/addr_q_reg[31]/C
  -------------------------------------------------------------------    -------------------
    SLICE_X26Y11         FDCE (Prop_fdce_C_Q)         0.456     5.763 f  u_gen1/addr_q_reg[31]/Q
                         net (fo=31, routed)          1.490     7.253    u_gen1/addr_q_reg[31]_0[11]
    SLICE_X36Y3          LUT5 (Prop_lut5_I2_O)        0.124     7.377 r  u_gen1/priority_ptr[0]_i_2__2/O
                         net (fo=4, routed)           0.749     8.126    u_xbar/g_ar_arb[1].u_arb/ar_req1164_out
    SLICE_X38Y1          LUT5 (Prop_lut5_I1_O)        0.150     8.276 r  u_xbar/g_ar_arb[1].u_arb/skid_reg[48]_i_3__2/O
                         net (fo=47, routed)          0.791     9.067    u_xbar/g_ar_arb[0].u_arb/mr_err[1]_i_2
    SLICE_X36Y4          LUT5 (Prop_lut5_I1_O)        0.328     9.395 r  u_xbar/g_ar_arb[0].u_arb/mr_err[1]_i_4/O
                         net (fo=1, routed)           0.444     9.839    u_gen1/p_0_in104_in
    SLICE_X36Y4          LUT6 (Prop_lut6_I4_O)        0.124     9.963 r  u_gen1/mr_err[1]_i_2/O
                         net (fo=18, routed)          1.642    11.605    u_gen1/addr_q_reg[30]_2[0]
    SLICE_X13Y13         LUT4 (Prop_lut4_I0_O)        0.124    11.729 r  u_gen1/err_cnt[1][3]_i_2/O
                         net (fo=1, routed)           0.330    12.059    u_gen1/err_cnt[1][3]_i_2_n_0
    SLICE_X13Y14         CARRY4 (Prop_carry4_CYINIT_CO[3])
                                                      0.580    12.639 r  u_gen1/err_cnt_reg[1][3]_i_1/CO[3]
                         net (fo=1, routed)           0.000    12.639    u_ctrl/err_cnt_reg[1][7]_0[0]
    SLICE_X13Y15         CARRY4 (Prop_carry4_CI_CO[3])
                                                      0.114    12.753 r  u_ctrl/err_cnt_reg[1][7]_i_1/CO[3]
                         net (fo=1, routed)           0.000    12.753    u_ctrl/err_cnt_reg[1][7]_i_1_n_0
    SLICE_X13Y16         CARRY4 (Prop_carry4_CI_CO[3])
                                                      0.114    12.867 r  u_ctrl/err_cnt_reg[1][11]_i_1/CO[3]
                         net (fo=1, routed)           0.000    12.867    u_ctrl/err_cnt_reg[1][11]_i_1_n_0
    SLICE_X13Y17         CARRY4 (Prop_carry4_CI_CO[3])
                                                      0.114    12.981 r  u_ctrl/err_cnt_reg[1][15]_i_1/CO[3]
                         net (fo=1, routed)           0.000    12.981    u_ctrl/err_cnt_reg[1][15]_i_1_n_0
    SLICE_X13Y18         CARRY4 (Prop_carry4_CI_CO[3])
                                                      0.114    13.095 r  u_ctrl/err_cnt_reg[1][19]_i_1/CO[3]
                         net (fo=1, routed)           0.000    13.095    u_ctrl/err_cnt_reg[1][19]_i_1_n_0
    SLICE_X13Y19         CARRY4 (Prop_carry4_CI_CO[3])
                                                      0.114    13.209 r  u_ctrl/err_cnt_reg[1][23]_i_1/CO[3]
                         net (fo=1, routed)           0.000    13.209    u_ctrl/err_cnt_reg[1][23]_i_1_n_0
    SLICE_X13Y20         CARRY4 (Prop_carry4_CI_CO[3])
                                                      0.114    13.323 r  u_ctrl/err_cnt_reg[1][27]_i_1/CO[3]
                         net (fo=1, routed)           0.000    13.323    u_ctrl/err_cnt_reg[1][27]_i_1_n_0
    SLICE_X13Y21         CARRY4 (Prop_carry4_CI_O[1])
                                                      0.334    13.657 r  u_ctrl/err_cnt_reg[1][31]_i_1/O[1]
                         net (fo=1, routed)           0.000    13.657    u_ctrl/err_cnt_reg[1][31]_i_1_n_6
    SLICE_X13Y21         FDCE                                         r  u_ctrl/err_cnt_reg[1][29]/D
  -------------------------------------------------------------------    -------------------

                         (clock clk_in rise edge)    10.000    10.000 r  
    H16                                               0.000    10.000 r  clk (IN)
                         net (fo=0)                   0.000    10.000    clk
    H16                  IBUF (Prop_ibuf_I_O)         1.387    11.387 r  clk_IBUF_inst/O
                         net (fo=1, routed)           1.880    13.267    clk_IBUF
    BUFGCTRL_X0Y16       BUFG (Prop_bufg_I_O)         0.091    13.358 r  clk_IBUF_BUFG_inst/O
                         net (fo=2163, routed)        1.498    14.856    u_ctrl/clk_IBUF_BUFG
    SLICE_X13Y21         FDCE                                         r  u_ctrl/err_cnt_reg[1][29]/C
                         clock pessimism              0.290    15.147    
                         clock uncertainty           -0.035    15.111    
    SLICE_X13Y21         FDCE (Setup_fdce_C_D)        0.062    15.173    u_ctrl/err_cnt_reg[1][29]
  -------------------------------------------------------------------
                         required time                         15.173    
                         arrival time                         -13.657    
  -------------------------------------------------------------------
                         slack                                  1.517    

Slack (MET) :             1.538ns  (required time - arrival time)
  Source:                 u_gen1/addr_q_reg[31]/C
                            (rising edge-triggered cell FDCE clocked by clk_in  {rise@0.000ns fall@5.000ns period=10.000ns})
  Destination:            u_ctrl/err_cnt_reg[1][31]/D
                            (rising edge-triggered cell FDCE clocked by clk_in  {rise@0.000ns fall@5.000ns period=10.000ns})
  Path Group:             clk_in
  Path Type:              Setup (Max at Slow Process Corner)
  Requirement:            10.000ns  (clk_in rise@10.000ns - clk_in rise@0.000ns)
  Data Path Delay:        8.328ns  (logic 2.883ns (34.617%)  route 5.445ns (65.383%))
  Logic Levels:           13  (CARRY4=8 LUT4=1 LUT5=3 LUT6=1)
  Clock Path Skew:        -0.161ns (DCD - SCD + CPR)
    Destination Clock Delay (DCD):    4.856ns = ( 14.856 - 10.000 ) 
    Source Clock Delay      (SCD):    5.307ns
    Clock Pessimism Removal (CPR):    0.290ns
  Clock Uncertainty:      0.035ns  ((TSJ^2 + TIJ^2)^1/2 + DJ) / 2 + PE
    Total System Jitter     (TSJ):    0.071ns
    Total Input Jitter      (TIJ):    0.000ns
    Discrete Jitter          (DJ):    0.000ns
    Phase Error              (PE):    0.000ns

    Location             Delay type                Incr(ns)  Path(ns)    Netlist Resource(s)
  -------------------------------------------------------------------    -------------------
                         (clock clk_in rise edge)     0.000     0.000 r  
    H16                                               0.000     0.000 r  clk (IN)
                         net (fo=0)                   0.000     0.000    clk
    H16                  IBUF (Prop_ibuf_I_O)         1.457     1.457 r  clk_IBUF_inst/O
                         net (fo=1, routed)           2.076     3.533    clk_IBUF
    BUFGCTRL_X0Y16       BUFG (Prop_bufg_I_O)         0.101     3.634 r  clk_IBUF_BUFG_inst/O
                         net (fo=2163, routed)        1.673     5.307    u_gen1/clk_IBUF_BUFG
    SLICE_X26Y11         FDCE                                         r  u_gen1/addr_q_reg[31]/C
  -------------------------------------------------------------------    -------------------
    SLICE_X26Y11         FDCE (Prop_fdce_C_Q)         0.456     5.763 f  u_gen1/addr_q_reg[31]/Q
                         net (fo=31, routed)          1.490     7.253    u_gen1/addr_q_reg[31]_0[11]
    SLICE_X36Y3          LUT5 (Prop_lut5_I2_O)        0.124     7.377 r  u_gen1/priority_ptr[0]_i_2__2/O
                         net (fo=4, routed)           0.749     8.126    u_xbar/g_ar_arb[1].u_arb/ar_req1164_out
    SLICE_X38Y1          LUT5 (Prop_lut5_I1_O)        0.150     8.276 r  u_xbar/g_ar_arb[1].u_arb/skid_reg[48]_i_3__2/O
                         net (fo=47, routed)          0.791     9.067    u_xbar/g_ar_arb[0].u_arb/mr_err[1]_i_2
    SLICE_X36Y4          LUT5 (Prop_lut5_I1_O)        0.328     9.395 r  u_xbar/g_ar_arb[0].u_arb/mr_err[1]_i_4/O
                         net (fo=1, routed)           0.444     9.839    u_gen1/p_0_in104_in
    SLICE_X36Y4          LUT6 (Prop_lut6_I4_O)        0.124     9.963 r  u_gen1/mr_err[1]_i_2/O
                         net (fo=18, routed)          1.642    11.605    u_gen1/addr_q_reg[30]_2[0]
    SLICE_X13Y13         LUT4 (Prop_lut4_I0_O)        0.124    11.729 r  u_gen1/err_cnt[1][3]_i_2/O
                         net (fo=1, routed)           0.330    12.059    u_gen1/err_cnt[1][3]_i_2_n_0
    SLICE_X13Y14         CARRY4 (Prop_carry4_CYINIT_CO[3])
                                                      0.580    12.639 r  u_gen1/err_cnt_reg[1][3]_i_1/CO[3]
                         net (fo=1, routed)           0.000    12.639    u_ctrl/err_cnt_reg[1][7]_0[0]
    SLICE_X13Y15         CARRY4 (Prop_carry4_CI_CO[3])
                                                      0.114    12.753 r  u_ctrl/err_cnt_reg[1][7]_i_1/CO[3]
                         net (fo=1, routed)           0.000    12.753    u_ctrl/err_cnt_reg[1][7]_i_1_n_0
    SLICE_X13Y16         CARRY4 (Prop_carry4_CI_CO[3])
                                                      0.114    12.867 r  u_ctrl/err_cnt_reg[1][11]_i_1/CO[3]
                         net (fo=1, routed)           0.000    12.867    u_ctrl/err_cnt_reg[1][11]_i_1_n_0
    SLICE_X13Y17         CARRY4 (Prop_carry4_CI_CO[3])
                                                      0.114    12.981 r  u_ctrl/err_cnt_reg[1][15]_i_1/CO[3]
                         net (fo=1, routed)           0.000    12.981    u_ctrl/err_cnt_reg[1][15]_i_1_n_0
    SLICE_X13Y18         CARRY4 (Prop_carry4_CI_CO[3])
                                                      0.114    13.095 r  u_ctrl/err_cnt_reg[1][19]_i_1/CO[3]
                         net (fo=1, routed)           0.000    13.095    u_ctrl/err_cnt_reg[1][19]_i_1_n_0
    SLICE_X13Y19         CARRY4 (Prop_carry4_CI_CO[3])
                                                      0.114    13.209 r  u_ctrl/err_cnt_reg[1][23]_i_1/CO[3]
                         net (fo=1, routed)           0.000    13.209    u_ctrl/err_cnt_reg[1][23]_i_1_n_0
    SLICE_X13Y20         CARRY4 (Prop_carry4_CI_CO[3])
                                                      0.114    13.323 r  u_ctrl/err_cnt_reg[1][27]_i_1/CO[3]
                         net (fo=1, routed)           0.000    13.323    u_ctrl/err_cnt_reg[1][27]_i_1_n_0
    SLICE_X13Y21         CARRY4 (Prop_carry4_CI_O[3])
                                                      0.313    13.636 r  u_ctrl/err_cnt_reg[1][31]_i_1/O[3]
                         net (fo=1, routed)           0.000    13.636    u_ctrl/err_cnt_reg[1][31]_i_1_n_4
    SLICE_X13Y21         FDCE                                         r  u_ctrl/err_cnt_reg[1][31]/D
  -------------------------------------------------------------------    -------------------

                         (clock clk_in rise edge)    10.000    10.000 r  
    H16                                               0.000    10.000 r  clk (IN)
                         net (fo=0)                   0.000    10.000    clk
    H16                  IBUF (Prop_ibuf_I_O)         1.387    11.387 r  clk_IBUF_inst/O
                         net (fo=1, routed)           1.880    13.267    clk_IBUF
    BUFGCTRL_X0Y16       BUFG (Prop_bufg_I_O)         0.091    13.358 r  clk_IBUF_BUFG_inst/O
                         net (fo=2163, routed)        1.498    14.856    u_ctrl/clk_IBUF_BUFG
    SLICE_X13Y21         FDCE                                         r  u_ctrl/err_cnt_reg[1][31]/C
                         clock pessimism              0.290    15.147    
                         clock uncertainty           -0.035    15.111    
    SLICE_X13Y21         FDCE (Setup_fdce_C_D)        0.062    15.173    u_ctrl/err_cnt_reg[1][31]
  -------------------------------------------------------------------
                         required time                         15.173    
                         arrival time                         -13.636    
  -------------------------------------------------------------------
                         slack                                  1.538    





Min Delay Paths
--------------------------------------------------------------------------------------
Slack (MET) :             0.020ns  (arrival time - required time)
  Source:                 u_xbar/g_sport[1].g_slice.u_ar_slice/main_reg_reg[19]/C
                            (rising edge-triggered cell FDCE clocked by clk_in  {rise@0.000ns fall@5.000ns period=10.000ns})
  Destination:            u_ram1/r_addr_reg[6]/D
                            (rising edge-triggered cell FDCE clocked by clk_in  {rise@0.000ns fall@5.000ns period=10.000ns})
  Path Group:             clk_in
  Path Type:              Hold (Min at Fast Process Corner)
  Requirement:            0.000ns  (clk_in rise@0.000ns - clk_in rise@0.000ns)
  Data Path Delay:        0.376ns  (logic 0.186ns (49.528%)  route 0.190ns (50.472%))
  Logic Levels:           1  (LUT5=1)
  Clock Path Skew:        0.264ns (DCD - SCD - CPR)
    Destination Clock Delay (DCD):    1.957ns
    Source Clock Delay      (SCD):    1.441ns
    Clock Pessimism Removal (CPR):    0.252ns

    Location             Delay type                Incr(ns)  Path(ns)    Netlist Resource(s)
  -------------------------------------------------------------------    -------------------
                         (clock clk_in rise edge)     0.000     0.000 r  
    H16                                               0.000     0.000 r  clk (IN)
                         net (fo=0)                   0.000     0.000    clk
    H16                  IBUF (Prop_ibuf_I_O)         0.225     0.225 r  clk_IBUF_inst/O
                         net (fo=1, routed)           0.627     0.852    clk_IBUF
    BUFGCTRL_X0Y16       BUFG (Prop_bufg_I_O)         0.026     0.878 r  clk_IBUF_BUFG_inst/O
                         net (fo=2163, routed)        0.563     1.441    u_xbar/g_sport[1].g_slice.u_ar_slice/clk_IBUF_BUFG
    SLICE_X25Y2          FDCE                                         r  u_xbar/g_sport[1].g_slice.u_ar_slice/main_reg_reg[19]/C
  -------------------------------------------------------------------    -------------------
    SLICE_X25Y2          FDCE (Prop_fdce_C_Q)         0.141     1.582 r  u_xbar/g_sport[1].g_slice.u_ar_slice/main_reg_reg[19]/Q
                         net (fo=1, routed)           0.190     1.772    u_ram1/r_id_reg[3]_0[10]
    SLICE_X21Y3          LUT5 (Prop_lut5_I4_O)        0.045     1.817 r  u_ram1/r_addr[6]_i_1__2/O
                         net (fo=1, routed)           0.000     1.817    u_ram1/r_addr[6]_i_1__2_n_0
    SLICE_X21Y3          FDCE                                         r  u_ram1/r_addr_reg[6]/D
  -------------------------------------------------------------------    -------------------

                         (clock clk_in rise edge)     0.000     0.000 r  
    H16                                               0.000     0.000 r  clk (IN)
                         net (fo=0)                   0.000     0.000    clk
    H16                  IBUF (Prop_ibuf_I_O)         0.413     0.413 r  clk_IBUF_inst/O
                         net (fo=1, routed)           0.683     1.096    clk_IBUF
    BUFGCTRL_X0Y16       BUFG (Prop_bufg_I_O)         0.029     1.125 r  clk_IBUF_BUFG_inst/O
                         net (fo=2163, routed)        0.832     1.957    u_ram1/clk_IBUF_BUFG
    SLICE_X21Y3          FDCE                                         r  u_ram1/r_addr_reg[6]/C
                         clock pessimism             -0.252     1.705    
    SLICE_X21Y3          FDCE (Hold_fdce_C_D)         0.091     1.796    u_ram1/r_addr_reg[6]
  -------------------------------------------------------------------
                         required time                         -1.796    
                         arrival time                           1.817    
  -------------------------------------------------------------------
                         slack                                  0.020    

Slack (MET) :             0.034ns  (arrival time - required time)
  Source:                 u_xbar/g_sport[0].g_slice.u_w_slice/main_reg_reg[28]/C
                            (rising edge-triggered cell FDCE clocked by clk_in  {rise@0.000ns fall@5.000ns period=10.000ns})
  Destination:            u_ram0/mem_reg/DIADI[23]
                            (rising edge-triggered cell RAMB36E1 clocked by clk_in  {rise@0.000ns fall@5.000ns period=10.000ns})
  Path Group:             clk_in
  Path Type:              Hold (Min at Fast Process Corner)
  Requirement:            0.000ns  (clk_in rise@0.000ns - clk_in rise@0.000ns)
  Data Path Delay:        0.247ns  (logic 0.141ns (57.072%)  route 0.106ns (42.928%))
  Logic Levels:           0  
  Clock Path Skew:        0.058ns (DCD - SCD - CPR)
    Destination Clock Delay (DCD):    2.003ns
    Source Clock Delay      (SCD):    1.446ns
    Clock Pessimism Removal (CPR):    0.499ns

    Location             Delay type                Incr(ns)  Path(ns)    Netlist Resource(s)
  -------------------------------------------------------------------    -------------------
                         (clock clk_in rise edge)     0.000     0.000 r  
    H16                                               0.000     0.000 r  clk (IN)
                         net (fo=0)                   0.000     0.000    clk
    H16                  IBUF (Prop_ibuf_I_O)         0.225     0.225 r  clk_IBUF_inst/O
                         net (fo=1, routed)           0.627     0.852    clk_IBUF
    BUFGCTRL_X0Y16       BUFG (Prop_bufg_I_O)         0.026     0.878 r  clk_IBUF_BUFG_inst/O
                         net (fo=2163, routed)        0.568     1.446    u_xbar/g_sport[0].g_slice.u_w_slice/clk_IBUF_BUFG
    SLICE_X7Y4           FDCE                                         r  u_xbar/g_sport[0].g_slice.u_w_slice/main_reg_reg[28]/C
  -------------------------------------------------------------------    -------------------
    SLICE_X7Y4           FDCE (Prop_fdce_C_Q)         0.141     1.587 r  u_xbar/g_sport[0].g_slice.u_w_slice/main_reg_reg[28]/Q
                         net (fo=1, routed)           0.106     1.693    u_ram0/Q[23]
    RAMB36_X0Y0          RAMB36E1                                     r  u_ram0/mem_reg/DIADI[23]
  -------------------------------------------------------------------    -------------------

                         (clock clk_in rise edge)     0.000     0.000 r  
    H16                                               0.000     0.000 r  clk (IN)
                         net (fo=0)                   0.000     0.000    clk
    H16                  IBUF (Prop_ibuf_I_O)         0.413     0.413 r  clk_IBUF_inst/O
                         net (fo=1, routed)           0.683     1.096    clk_IBUF
    BUFGCTRL_X0Y16       BUFG (Prop_bufg_I_O)         0.029     1.125 r  clk_IBUF_BUFG_inst/O
                         net (fo=2163, routed)        0.878     2.003    u_ram0/clk_IBUF_BUFG
    RAMB36_X0Y0          RAMB36E1                                     r  u_ram0/mem_reg/CLKARDCLK
                         clock pessimism             -0.499     1.504    
    RAMB36_X0Y0          RAMB36E1 (Hold_ramb36e1_CLKARDCLK_DIADI[23])
                                                      0.155     1.659    u_ram0/mem_reg
  -------------------------------------------------------------------
                         required time                         -1.659    
                         arrival time                           1.693    
  -------------------------------------------------------------------
                         slack                                  0.034    

Slack (MET) :             0.041ns  (arrival time - required time)
  Source:                 u_xbar/g_sport[1].g_slice.u_ar_slice/main_reg_reg[23]/C
                            (rising edge-triggered cell FDCE clocked by clk_in  {rise@0.000ns fall@5.000ns period=10.000ns})
  Destination:            u_ram1/r_addr_reg[10]/D
                            (rising edge-triggered cell FDCE clocked by clk_in  {rise@0.000ns fall@5.000ns period=10.000ns})
  Path Group:             clk_in
  Path Type:              Hold (Min at Fast Process Corner)
  Requirement:            0.000ns  (clk_in rise@0.000ns - clk_in rise@0.000ns)
  Data Path Delay:        0.399ns  (logic 0.209ns (52.440%)  route 0.190ns (47.560%))
  Logic Levels:           1  (LUT5=1)
  Clock Path Skew:        0.265ns (DCD - SCD - CPR)
    Destination Clock Delay (DCD):    1.957ns
    Source Clock Delay      (SCD):    1.440ns
    Clock Pessimism Removal (CPR):    0.252ns

    Location             Delay type                Incr(ns)  Path(ns)    Netlist Resource(s)
  -------------------------------------------------------------------    -------------------
                         (clock clk_in rise edge)     0.000     0.000 r  
    H16                                               0.000     0.000 r  clk (IN)
                         net (fo=0)                   0.000     0.000    clk
    H16                  IBUF (Prop_ibuf_I_O)         0.225     0.225 r  clk_IBUF_inst/O
                         net (fo=1, routed)           0.627     0.852    clk_IBUF
    BUFGCTRL_X0Y16       BUFG (Prop_bufg_I_O)         0.026     0.878 r  clk_IBUF_BUFG_inst/O
                         net (fo=2163, routed)        0.562     1.440    u_xbar/g_sport[1].g_slice.u_ar_slice/clk_IBUF_BUFG
    SLICE_X24Y4          FDCE                                         r  u_xbar/g_sport[1].g_slice.u_ar_slice/main_reg_reg[23]/C
  -------------------------------------------------------------------    -------------------
    SLICE_X24Y4          FDCE (Prop_fdce_C_Q)         0.164     1.604 r  u_xbar/g_sport[1].g_slice.u_ar_slice/main_reg_reg[23]/Q
                         net (fo=1, routed)           0.190     1.794    u_ram1/r_id_reg[3]_0[14]
    SLICE_X21Y3          LUT5 (Prop_lut5_I4_O)        0.045     1.839 r  u_ram1/r_addr[10]_i_1__2/O
                         net (fo=1, routed)           0.000     1.839    u_ram1/r_addr[10]_i_1__2_n_0
    SLICE_X21Y3          FDCE                                         r  u_ram1/r_addr_reg[10]/D
  -------------------------------------------------------------------    -------------------

                         (clock clk_in rise edge)     0.000     0.000 r  
    H16                                               0.000     0.000 r  clk (IN)
                         net (fo=0)                   0.000     0.000    clk
    H16                  IBUF (Prop_ibuf_I_O)         0.413     0.413 r  clk_IBUF_inst/O
                         net (fo=1, routed)           0.683     1.096    clk_IBUF
    BUFGCTRL_X0Y16       BUFG (Prop_bufg_I_O)         0.029     1.125 r  clk_IBUF_BUFG_inst/O
                         net (fo=2163, routed)        0.832     1.957    u_ram1/clk_IBUF_BUFG
    SLICE_X21Y3          FDCE                                         r  u_ram1/r_addr_reg[10]/C
                         clock pessimism             -0.252     1.705    
    SLICE_X21Y3          FDCE (Hold_fdce_C_D)         0.092     1.797    u_ram1/r_addr_reg[10]
  -------------------------------------------------------------------
                         required time                         -1.797    
                         arrival time                           1.839    
  -------------------------------------------------------------------
                         slack                                  0.041    

Slack (MET) :             0.056ns  (arrival time - required time)
  Source:                 u_xbar/g_sport[2].g_slice.u_ar_slice/main_reg_reg[17]/C
                            (rising edge-triggered cell FDCE clocked by clk_in  {rise@0.000ns fall@5.000ns period=10.000ns})
  Destination:            u_ram2/r_addr_reg[4]/D
                            (rising edge-triggered cell FDCE clocked by clk_in  {rise@0.000ns fall@5.000ns period=10.000ns})
  Path Group:             clk_in
  Path Type:              Hold (Min at Fast Process Corner)
  Requirement:            0.000ns  (clk_in rise@0.000ns - clk_in rise@0.000ns)
  Data Path Delay:        0.439ns  (logic 0.186ns (42.328%)  route 0.253ns (57.672%))
  Logic Levels:           1  (LUT3=1)
  Clock Path Skew:        0.263ns (DCD - SCD - CPR)
    Destination Clock Delay (DCD):    1.956ns
    Source Clock Delay      (SCD):    1.441ns
    Clock Pessimism Removal (CPR):    0.252ns

    Location             Delay type                Incr(ns)  Path(ns)    Netlist Resource(s)
  -------------------------------------------------------------------    -------------------
                         (clock clk_in rise edge)     0.000     0.000 r  
    H16                                               0.000     0.000 r  clk (IN)
                         net (fo=0)                   0.000     0.000    clk
    H16                  IBUF (Prop_ibuf_I_O)         0.225     0.225 r  clk_IBUF_inst/O
                         net (fo=1, routed)           0.627     0.852    clk_IBUF
    BUFGCTRL_X0Y16       BUFG (Prop_bufg_I_O)         0.026     0.878 r  clk_IBUF_BUFG_inst/O
                         net (fo=2163, routed)        0.563     1.441    u_xbar/g_sport[2].g_slice.u_ar_slice/clk_IBUF_BUFG
    SLICE_X21Y1          FDCE                                         r  u_xbar/g_sport[2].g_slice.u_ar_slice/main_reg_reg[17]/C
  -------------------------------------------------------------------    -------------------
    SLICE_X21Y1          FDCE (Prop_fdce_C_Q)         0.141     1.582 r  u_xbar/g_sport[2].g_slice.u_ar_slice/main_reg_reg[17]/Q
                         net (fo=1, routed)           0.253     1.835    u_ram2/r_id_reg[3]_0[8]
    SLICE_X24Y1          LUT3 (Prop_lut3_I2_O)        0.045     1.880 r  u_ram2/r_addr[4]_i_1__3/O
                         net (fo=1, routed)           0.000     1.880    u_ram2/r_addr[4]_i_1__3_n_0
    SLICE_X24Y1          FDCE                                         r  u_ram2/r_addr_reg[4]/D
  -------------------------------------------------------------------    -------------------

                         (clock clk_in rise edge)     0.000     0.000 r  
    H16                                               0.000     0.000 r  clk (IN)
                         net (fo=0)                   0.000     0.000    clk
    H16                  IBUF (Prop_ibuf_I_O)         0.413     0.413 r  clk_IBUF_inst/O
                         net (fo=1, routed)           0.683     1.096    clk_IBUF
    BUFGCTRL_X0Y16       BUFG (Prop_bufg_I_O)         0.029     1.125 r  clk_IBUF_BUFG_inst/O
                         net (fo=2163, routed)        0.831     1.956    u_ram2/clk_IBUF_BUFG
    SLICE_X24Y1          FDCE                                         r  u_ram2/r_addr_reg[4]/C
                         clock pessimism             -0.252     1.704    
    SLICE_X24Y1          FDCE (Hold_fdce_C_D)         0.120     1.824    u_ram2/r_addr_reg[4]
  -------------------------------------------------------------------
                         required time                         -1.824    
                         arrival time                           1.880    
  -------------------------------------------------------------------
                         slack                                  0.056    

Slack (MET) :             0.057ns  (arrival time - required time)
  Source:                 u_xbar/g_sport[0].g_slice.u_w_slice/main_reg_reg[24]/C
                            (rising edge-triggered cell FDCE clocked by clk_in  {rise@0.000ns fall@5.000ns period=10.000ns})
  Destination:            u_ram0/mem_reg/DIADI[19]
                            (rising edge-triggered cell RAMB36E1 clocked by clk_in  {rise@0.000ns fall@5.000ns period=10.000ns})
  Path Group:             clk_in
  Path Type:              Hold (Min at Fast Process Corner)
  Requirement:            0.000ns  (clk_in rise@0.000ns - clk_in rise@0.000ns)
  Data Path Delay:        0.270ns  (logic 0.164ns (60.728%)  route 0.106ns (39.272%))
  Logic Levels:           0  
  Clock Path Skew:        0.058ns (DCD - SCD - CPR)
    Destination Clock Delay (DCD):    2.003ns
    Source Clock Delay      (SCD):    1.446ns
    Clock Pessimism Removal (CPR):    0.499ns

    Location             Delay type                Incr(ns)  Path(ns)    Netlist Resource(s)
  -------------------------------------------------------------------    -------------------
                         (clock clk_in rise edge)     0.000     0.000 r  
    H16                                               0.000     0.000 r  clk (IN)
                         net (fo=0)                   0.000     0.000    clk
    H16                  IBUF (Prop_ibuf_I_O)         0.225     0.225 r  clk_IBUF_inst/O
                         net (fo=1, routed)           0.627     0.852    clk_IBUF
    BUFGCTRL_X0Y16       BUFG (Prop_bufg_I_O)         0.026     0.878 r  clk_IBUF_BUFG_inst/O
                         net (fo=2163, routed)        0.568     1.446    u_xbar/g_sport[0].g_slice.u_w_slice/clk_IBUF_BUFG
    SLICE_X6Y4           FDCE                                         r  u_xbar/g_sport[0].g_slice.u_w_slice/main_reg_reg[24]/C
  -------------------------------------------------------------------    -------------------
    SLICE_X6Y4           FDCE (Prop_fdce_C_Q)         0.164     1.610 r  u_xbar/g_sport[0].g_slice.u_w_slice/main_reg_reg[24]/Q
                         net (fo=1, routed)           0.106     1.716    u_ram0/Q[19]
    RAMB36_X0Y0          RAMB36E1                                     r  u_ram0/mem_reg/DIADI[19]
  -------------------------------------------------------------------    -------------------

                         (clock clk_in rise edge)     0.000     0.000 r  
    H16                                               0.000     0.000 r  clk (IN)
                         net (fo=0)                   0.000     0.000    clk
    H16                  IBUF (Prop_ibuf_I_O)         0.413     0.413 r  clk_IBUF_inst/O
                         net (fo=1, routed)           0.683     1.096    clk_IBUF
    BUFGCTRL_X0Y16       BUFG (Prop_bufg_I_O)         0.029     1.125 r  clk_IBUF_BUFG_inst/O
                         net (fo=2163, routed)        0.878     2.003    u_ram0/clk_IBUF_BUFG
    RAMB36_X0Y0          RAMB36E1                                     r  u_ram0/mem_reg/CLKARDCLK
                         clock pessimism             -0.499     1.504    
    RAMB36_X0Y0          RAMB36E1 (Hold_ramb36e1_CLKARDCLK_DIADI[19])
                                                      0.155     1.659    u_ram0/mem_reg
  -------------------------------------------------------------------
                         required time                         -1.659    
                         arrival time                           1.716    
  -------------------------------------------------------------------
                         slack                                  0.057    

Slack (MET) :             0.057ns  (arrival time - required time)
  Source:                 u_xbar/g_sport[1].g_slice.u_w_slice/main_reg_reg[26]/C
                            (rising edge-triggered cell FDCE clocked by clk_in  {rise@0.000ns fall@5.000ns period=10.000ns})
  Destination:            u_ram1/mem_reg/DIADI[21]
                            (rising edge-triggered cell RAMB36E1 clocked by clk_in  {rise@0.000ns fall@5.000ns period=10.000ns})
  Path Group:             clk_in
  Path Type:              Hold (Min at Fast Process Corner)
  Requirement:            0.000ns  (clk_in rise@0.000ns - clk_in rise@0.000ns)
  Data Path Delay:        0.271ns  (logic 0.164ns (60.558%)  route 0.107ns (39.442%))
  Logic Levels:           0  
  Clock Path Skew:        0.058ns (DCD - SCD - CPR)
    Destination Clock Delay (DCD):    2.002ns
    Source Clock Delay      (SCD):    1.445ns
    Clock Pessimism Removal (CPR):    0.499ns

    Location             Delay type                Incr(ns)  Path(ns)    Netlist Resource(s)
  -------------------------------------------------------------------    -------------------
                         (clock clk_in rise edge)     0.000     0.000 r  
    H16                                               0.000     0.000 r  clk (IN)
                         net (fo=0)                   0.000     0.000    clk
    H16                  IBUF (Prop_ibuf_I_O)         0.225     0.225 r  clk_IBUF_inst/O
                         net (fo=1, routed)           0.627     0.852    clk_IBUF
    BUFGCTRL_X0Y16       BUFG (Prop_bufg_I_O)         0.026     0.878 r  clk_IBUF_BUFG_inst/O
                         net (fo=2163, routed)        0.567     1.445    u_xbar/g_sport[1].g_slice.u_w_slice/clk_IBUF_BUFG
    SLICE_X6Y8           FDCE                                         r  u_xbar/g_sport[1].g_slice.u_w_slice/main_reg_reg[26]/C
  -------------------------------------------------------------------    -------------------
    SLICE_X6Y8           FDCE (Prop_fdce_C_Q)         0.164     1.609 r  u_xbar/g_sport[1].g_slice.u_w_slice/main_reg_reg[26]/Q
                         net (fo=1, routed)           0.107     1.716    u_ram1/Q[21]
    RAMB36_X0Y1          RAMB36E1                                     r  u_ram1/mem_reg/DIADI[21]
  -------------------------------------------------------------------    -------------------

                         (clock clk_in rise edge)     0.000     0.000 r  
    H16                                               0.000     0.000 r  clk (IN)
                         net (fo=0)                   0.000     0.000    clk
    H16                  IBUF (Prop_ibuf_I_O)         0.413     0.413 r  clk_IBUF_inst/O
                         net (fo=1, routed)           0.683     1.096    clk_IBUF
    BUFGCTRL_X0Y16       BUFG (Prop_bufg_I_O)         0.029     1.125 r  clk_IBUF_BUFG_inst/O
                         net (fo=2163, routed)        0.877     2.002    u_ram1/clk_IBUF_BUFG
    RAMB36_X0Y1          RAMB36E1                                     r  u_ram1/mem_reg/CLKARDCLK
                         clock pessimism             -0.499     1.503    
    RAMB36_X0Y1          RAMB36E1 (Hold_ramb36e1_CLKARDCLK_DIADI[21])
                                                      0.155     1.658    u_ram1/mem_reg
  -------------------------------------------------------------------
                         required time                         -1.658    
                         arrival time                           1.716    
  -------------------------------------------------------------------
                         slack                                  0.057    

Slack (MET) :             0.058ns  (arrival time - required time)
  Source:                 u_gen0/addr_q_reg[8]/C
                            (rising edge-triggered cell FDCE clocked by clk_in  {rise@0.000ns fall@5.000ns period=10.000ns})
  Destination:            u_gen0/r_addr_reg[8]/D
                            (rising edge-triggered cell FDCE clocked by clk_in  {rise@0.000ns fall@5.000ns period=10.000ns})
  Path Group:             clk_in
  Path Type:              Hold (Min at Fast Process Corner)
  Requirement:            0.000ns  (clk_in rise@0.000ns - clk_in rise@0.000ns)
  Data Path Delay:        0.416ns  (logic 0.186ns (44.694%)  route 0.230ns (55.306%))
  Logic Levels:           1  (LUT6=1)
  Clock Path Skew:        0.267ns (DCD - SCD - CPR)
    Destination Clock Delay (DCD):    1.958ns
    Source Clock Delay      (SCD):    1.439ns
    Clock Pessimism Removal (CPR):    0.252ns

    Location             Delay type                Incr(ns)  Path(ns)    Netlist Resource(s)
  -------------------------------------------------------------------    -------------------
                         (clock clk_in rise edge)     0.000     0.000 r  
    H16                                               0.000     0.000 r  clk (IN)
                         net (fo=0)                   0.000     0.000    clk
    H16                  IBUF (Prop_ibuf_I_O)         0.225     0.225 r  clk_IBUF_inst/O
                         net (fo=1, routed)           0.627     0.852    clk_IBUF
    BUFGCTRL_X0Y16       BUFG (Prop_bufg_I_O)         0.026     0.878 r  clk_IBUF_BUFG_inst/O
                         net (fo=2163, routed)        0.561     1.439    u_gen0/clk_IBUF_BUFG
    SLICE_X23Y8          FDCE                                         r  u_gen0/addr_q_reg[8]/C
  -------------------------------------------------------------------    -------------------
    SLICE_X23Y8          FDCE (Prop_fdce_C_Q)         0.141     1.580 r  u_gen0/addr_q_reg[8]/Q
                         net (fo=13, routed)          0.230     1.810    u_gen0/Q[6]
    SLICE_X17Y6          LUT6 (Prop_lut6_I0_O)        0.045     1.855 r  u_gen0/r_addr[8]_i_1/O
                         net (fo=1, routed)           0.000     1.855    u_gen0/r_addr[8]_i_1_n_0
    SLICE_X17Y6          FDCE                                         r  u_gen0/r_addr_reg[8]/D
  -------------------------------------------------------------------    -------------------

                         (clock clk_in rise edge)     0.000     0.000 r  
    H16                                               0.000     0.000 r  clk (IN)
                         net (fo=0)                   0.000     0.000    clk
    H16                  IBUF (Prop_ibuf_I_O)         0.413     0.413 r  clk_IBUF_inst/O
                         net (fo=1, routed)           0.683     1.096    clk_IBUF
    BUFGCTRL_X0Y16       BUFG (Prop_bufg_I_O)         0.029     1.125 r  clk_IBUF_BUFG_inst/O
                         net (fo=2163, routed)        0.833     1.958    u_gen0/clk_IBUF_BUFG
    SLICE_X17Y6          FDCE                                         r  u_gen0/r_addr_reg[8]/C
                         clock pessimism             -0.252     1.706    
    SLICE_X17Y6          FDCE (Hold_fdce_C_D)         0.091     1.797    u_gen0/r_addr_reg[8]
  -------------------------------------------------------------------
                         required time                         -1.797    
                         arrival time                           1.855    
  -------------------------------------------------------------------
                         slack                                  0.058    

Slack (MET) :             0.064ns  (arrival time - required time)
  Source:                 u_gen0/wdata_q_reg[12]/C
                            (rising edge-triggered cell FDCE clocked by clk_in  {rise@0.000ns fall@5.000ns period=10.000ns})
  Destination:            u_xbar/g_sport[0].g_slice.u_w_slice/main_reg_reg[17]/D
                            (rising edge-triggered cell FDCE clocked by clk_in  {rise@0.000ns fall@5.000ns period=10.000ns})
  Path Group:             clk_in
  Path Type:              Hold (Min at Fast Process Corner)
  Requirement:            0.000ns  (clk_in rise@0.000ns - clk_in rise@0.000ns)
  Data Path Delay:        0.424ns  (logic 0.186ns (43.883%)  route 0.238ns (56.117%))
  Logic Levels:           1  (LUT5=1)
  Clock Path Skew:        0.267ns (DCD - SCD - CPR)
    Destination Clock Delay (DCD):    1.957ns
    Source Clock Delay      (SCD):    1.438ns
    Clock Pessimism Removal (CPR):    0.252ns

    Location             Delay type                Incr(ns)  Path(ns)    Netlist Resource(s)
  -------------------------------------------------------------------    -------------------
                         (clock clk_in rise edge)     0.000     0.000 r  
    H16                                               0.000     0.000 r  clk (IN)
                         net (fo=0)                   0.000     0.000    clk
    H16                  IBUF (Prop_ibuf_I_O)         0.225     0.225 r  clk_IBUF_inst/O
                         net (fo=1, routed)           0.627     0.852    clk_IBUF
    BUFGCTRL_X0Y16       BUFG (Prop_bufg_I_O)         0.026     0.878 r  clk_IBUF_BUFG_inst/O
                         net (fo=2163, routed)        0.560     1.438    u_gen0/clk_IBUF_BUFG
    SLICE_X23Y10         FDCE                                         r  u_gen0/wdata_q_reg[12]/C
  -------------------------------------------------------------------    -------------------
    SLICE_X23Y10         FDCE (Prop_fdce_C_Q)         0.141     1.579 r  u_gen0/wdata_q_reg[12]/Q
                         net (fo=6, routed)           0.238     1.817    u_xbar/g_sport[0].g_slice.u_w_slice/main_reg_reg[36]_3[10]
    SLICE_X17Y7          LUT5 (Prop_lut5_I2_O)        0.045     1.862 r  u_xbar/g_sport[0].g_slice.u_w_slice/main_reg[17]_i_1__0/O
                         net (fo=1, routed)           0.000     1.862    u_xbar/g_sport[0].g_slice.u_w_slice/p_1_in__0[17]
    SLICE_X17Y7          FDCE                                         r  u_xbar/g_sport[0].g_slice.u_w_slice/main_reg_reg[17]/D
  -------------------------------------------------------------------    -------------------

                         (clock clk_in rise edge)     0.000     0.000 r  
    H16                                               0.000     0.000 r  clk (IN)
                         net (fo=0)                   0.000     0.000    clk
    H16                  IBUF (Prop_ibuf_I_O)         0.413     0.413 r  clk_IBUF_inst/O
                         net (fo=1, routed)           0.683     1.096    clk_IBUF
    BUFGCTRL_X0Y16       BUFG (Prop_bufg_I_O)         0.029     1.125 r  clk_IBUF_BUFG_inst/O
                         net (fo=2163, routed)        0.832     1.957    u_xbar/g_sport[0].g_slice.u_w_slice/clk_IBUF_BUFG
    SLICE_X17Y7          FDCE                                         r  u_xbar/g_sport[0].g_slice.u_w_slice/main_reg_reg[17]/C
                         clock pessimism             -0.252     1.705    
    SLICE_X17Y7          FDCE (Hold_fdce_C_D)         0.092     1.797    u_xbar/g_sport[0].g_slice.u_w_slice/main_reg_reg[17]
  -------------------------------------------------------------------
                         required time                         -1.797    
                         arrival time                           1.862    
  -------------------------------------------------------------------
                         slack                                  0.064    

Slack (MET) :             0.068ns  (arrival time - required time)
  Source:                 u_gen0/wdata_q_reg[9]/C
                            (rising edge-triggered cell FDCE clocked by clk_in  {rise@0.000ns fall@5.000ns period=10.000ns})
  Destination:            u_xbar/g_sport[2].g_slice.u_w_slice/main_reg_reg[14]/D
                            (rising edge-triggered cell FDCE clocked by clk_in  {rise@0.000ns fall@5.000ns period=10.000ns})
  Path Group:             clk_in
  Path Type:              Hold (Min at Fast Process Corner)
  Requirement:            0.000ns  (clk_in rise@0.000ns - clk_in rise@0.000ns)
  Data Path Delay:        0.425ns  (logic 0.186ns (43.750%)  route 0.239ns (56.250%))
  Logic Levels:           1  (LUT5=1)
  Clock Path Skew:        0.265ns (DCD - SCD - CPR)
    Destination Clock Delay (DCD):    1.956ns
    Source Clock Delay      (SCD):    1.439ns
    Clock Pessimism Removal (CPR):    0.252ns

    Location             Delay type                Incr(ns)  Path(ns)    Netlist Resource(s)
  -------------------------------------------------------------------    -------------------
                         (clock clk_in rise edge)     0.000     0.000 r  
    H16                                               0.000     0.000 r  clk (IN)
                         net (fo=0)                   0.000     0.000    clk
    H16                  IBUF (Prop_ibuf_I_O)         0.225     0.225 r  clk_IBUF_inst/O
                         net (fo=1, routed)           0.627     0.852    clk_IBUF
    BUFGCTRL_X0Y16       BUFG (Prop_bufg_I_O)         0.026     0.878 r  clk_IBUF_BUFG_inst/O
                         net (fo=2163, routed)        0.561     1.439    u_gen0/clk_IBUF_BUFG
    SLICE_X25Y9          FDCE                                         r  u_gen0/wdata_q_reg[9]/C
  -------------------------------------------------------------------    -------------------
    SLICE_X25Y9          FDCE (Prop_fdce_C_Q)         0.141     1.580 r  u_gen0/wdata_q_reg[9]/Q
                         net (fo=6, routed)           0.239     1.819    u_xbar/g_sport[2].g_slice.u_w_slice/main_reg_reg[36]_3[7]
    SLICE_X21Y8          LUT5 (Prop_lut5_I2_O)        0.045     1.864 r  u_xbar/g_sport[2].g_slice.u_w_slice/main_reg[14]_i_1__1/O
                         net (fo=1, routed)           0.000     1.864    u_xbar/g_sport[2].g_slice.u_w_slice/p_1_in__0[14]
    SLICE_X21Y8          FDCE                                         r  u_xbar/g_sport[2].g_slice.u_w_slice/main_reg_reg[14]/D
  -------------------------------------------------------------------    -------------------

                         (clock clk_in rise edge)     0.000     0.000 r  
    H16                                               0.000     0.000 r  clk (IN)
                         net (fo=0)                   0.000     0.000    clk
    H16                  IBUF (Prop_ibuf_I_O)         0.413     0.413 r  clk_IBUF_inst/O
                         net (fo=1, routed)           0.683     1.096    clk_IBUF
    BUFGCTRL_X0Y16       BUFG (Prop_bufg_I_O)         0.029     1.125 r  clk_IBUF_BUFG_inst/O
                         net (fo=2163, routed)        0.831     1.956    u_xbar/g_sport[2].g_slice.u_w_slice/clk_IBUF_BUFG
    SLICE_X21Y8          FDCE                                         r  u_xbar/g_sport[2].g_slice.u_w_slice/main_reg_reg[14]/C
                         clock pessimism             -0.252     1.704    
    SLICE_X21Y8          FDCE (Hold_fdce_C_D)         0.092     1.796    u_xbar/g_sport[2].g_slice.u_w_slice/main_reg_reg[14]
  -------------------------------------------------------------------
                         required time                         -1.796    
                         arrival time                           1.864    
  -------------------------------------------------------------------
                         slack                                  0.068    

Slack (MET) :             0.069ns  (arrival time - required time)
  Source:                 u_gen0/wdata_q_reg[9]/C
                            (rising edge-triggered cell FDCE clocked by clk_in  {rise@0.000ns fall@5.000ns period=10.000ns})
  Destination:            u_xbar/g_sport[2].g_slice.u_w_slice/skid_reg_reg[14]/D
                            (rising edge-triggered cell FDCE clocked by clk_in  {rise@0.000ns fall@5.000ns period=10.000ns})
  Path Group:             clk_in
  Path Type:              Hold (Min at Fast Process Corner)
  Requirement:            0.000ns  (clk_in rise@0.000ns - clk_in rise@0.000ns)
  Data Path Delay:        0.455ns  (logic 0.186ns (40.910%)  route 0.269ns (59.090%))
  Logic Levels:           1  (LUT3=1)
  Clock Path Skew:        0.265ns (DCD - SCD - CPR)
    Destination Clock Delay (DCD):    1.956ns
    Source Clock Delay      (SCD):    1.439ns
    Clock Pessimism Removal (CPR):    0.252ns

    Location             Delay type                Incr(ns)  Path(ns)    Netlist Resource(s)
  -------------------------------------------------------------------    -------------------
                         (clock clk_in rise edge)     0.000     0.000 r  
    H16                                               0.000     0.000 r  clk (IN)
                         net (fo=0)                   0.000     0.000    clk
    H16                  IBUF (Prop_ibuf_I_O)         0.225     0.225 r  clk_IBUF_inst/O
                         net (fo=1, routed)           0.627     0.852    clk_IBUF
    BUFGCTRL_X0Y16       BUFG (Prop_bufg_I_O)         0.026     0.878 r  clk_IBUF_BUFG_inst/O
                         net (fo=2163, routed)        0.561     1.439    u_gen0/clk_IBUF_BUFG
    SLICE_X25Y9          FDCE                                         r  u_gen0/wdata_q_reg[9]/C
  -------------------------------------------------------------------    -------------------
    SLICE_X25Y9          FDCE (Prop_fdce_C_Q)         0.141     1.580 r  u_gen0/wdata_q_reg[9]/Q
                         net (fo=6, routed)           0.269     1.849    u_gen1/skid_reg_reg[36][7]
    SLICE_X20Y8          LUT3 (Prop_lut3_I2_O)        0.045     1.894 r  u_gen1/skid_reg[14]_i_1__1/O
                         net (fo=1, routed)           0.000     1.894    u_xbar/g_sport[2].g_slice.u_w_slice/skid_reg_reg[36]_0[8]
    SLICE_X20Y8          FDCE                                         r  u_xbar/g_sport[2].g_slice.u_w_slice/skid_reg_reg[14]/D
  -------------------------------------------------------------------    -------------------

                         (clock clk_in rise edge)     0.000     0.000 r  
    H16                                               0.000     0.000 r  clk (IN)
                         net (fo=0)                   0.000     0.000    clk
    H16                  IBUF (Prop_ibuf_I_O)         0.413     0.413 r  clk_IBUF_inst/O
                         net (fo=1, routed)           0.683     1.096    clk_IBUF
    BUFGCTRL_X0Y16       BUFG (Prop_bufg_I_O)         0.029     1.125 r  clk_IBUF_BUFG_inst/O
                         net (fo=2163, routed)        0.831     1.956    u_xbar/g_sport[2].g_slice.u_w_slice/clk_IBUF_BUFG
    SLICE_X20Y8          FDCE                                         r  u_xbar/g_sport[2].g_slice.u_w_slice/skid_reg_reg[14]/C
                         clock pessimism             -0.252     1.704    
    SLICE_X20Y8          FDCE (Hold_fdce_C_D)         0.120     1.824    u_xbar/g_sport[2].g_slice.u_w_slice/skid_reg_reg[14]
  -------------------------------------------------------------------
                         required time                         -1.824    
                         arrival time                           1.894    
  -------------------------------------------------------------------
                         slack                                  0.069    





Pulse Width Checks
--------------------------------------------------------------------------------------
Clock Name:         clk_in
Waveform(ns):       { 0.000 5.000 }
Period(ns):         10.000
Sources:            { clk }

Check Type        Corner  Lib Pin             Reference Pin  Required(ns)  Actual(ns)  Slack(ns)  Location        Pin
Min Period        n/a     RAMB36E1/CLKARDCLK  n/a            2.944         10.000      7.056      RAMB36_X0Y0     u_ram0/mem_reg/CLKARDCLK
Min Period        n/a     RAMB36E1/CLKARDCLK  n/a            2.944         10.000      7.056      RAMB36_X0Y1     u_ram1/mem_reg/CLKARDCLK
Min Period        n/a     RAMB36E1/CLKARDCLK  n/a            2.944         10.000      7.056      RAMB36_X1Y0     u_ram2/mem_reg/CLKARDCLK
Min Period        n/a     RAMB36E1/CLKBWRCLK  n/a            2.576         10.000      7.424      RAMB36_X0Y0     u_ram0/mem_reg/CLKBWRCLK
Min Period        n/a     RAMB36E1/CLKBWRCLK  n/a            2.576         10.000      7.424      RAMB36_X0Y1     u_ram1/mem_reg/CLKBWRCLK
Min Period        n/a     RAMB36E1/CLKBWRCLK  n/a            2.576         10.000      7.424      RAMB36_X1Y0     u_ram2/mem_reg/CLKBWRCLK
Min Period        n/a     BUFG/I              n/a            2.155         10.000      7.845      BUFGCTRL_X0Y16  clk_IBUF_BUFG_inst/I
Min Period        n/a     FDCE/C              n/a            1.000         10.000      9.000      SLICE_X27Y26    FSM_sequential_tst_reg[0]/C
Min Period        n/a     FDCE/C              n/a            1.000         10.000      9.000      SLICE_X27Y26    FSM_sequential_tst_reg[1]/C
Min Period        n/a     FDCE/C              n/a            1.000         10.000      9.000      SLICE_X27Y26    FSM_sequential_tst_reg[2]/C
Low Pulse Width   Slow    SRL16E/CLK          n/a            0.980         5.000       4.020      SLICE_X38Y0     u_ram0/lfsr_reg[11]_srl5_u_ram0_lfsr_reg_c_11/CLK
Low Pulse Width   Fast    SRL16E/CLK          n/a            0.980         5.000       4.020      SLICE_X38Y0     u_ram0/lfsr_reg[11]_srl5_u_ram0_lfsr_reg_c_11/CLK
Low Pulse Width   Slow    SRL16E/CLK          n/a            0.980         5.000       4.020      SLICE_X38Y3     u_ram0/lfsr_reg[4]_srl4_u_ram0_lfsr_reg_c_10/CLK
Low Pulse Width   Fast    SRL16E/CLK          n/a            0.980         5.000       4.020      SLICE_X38Y3     u_ram0/lfsr_reg[4]_srl4_u_ram0_lfsr_reg_c_10/CLK
Low Pulse Width   Slow    SRL16E/CLK          n/a            0.980         5.000       4.020      SLICE_X38Y0     u_ram1/lfsr_reg[11]_srl5_u_ram0_lfsr_reg_c_11/CLK
Low Pulse Width   Fast    SRL16E/CLK          n/a            0.980         5.000       4.020      SLICE_X38Y0     u_ram1/lfsr_reg[11]_srl5_u_ram0_lfsr_reg_c_11/CLK
Low Pulse Width   Slow    SRL16E/CLK          n/a            0.980         5.000       4.020      SLICE_X38Y3     u_ram1/lfsr_reg[4]_srl4_u_ram0_lfsr_reg_c_10/CLK
Low Pulse Width   Fast    SRL16E/CLK          n/a            0.980         5.000       4.020      SLICE_X38Y3     u_ram1/lfsr_reg[4]_srl4_u_ram0_lfsr_reg_c_10/CLK
Low Pulse Width   Slow    SRL16E/CLK          n/a            0.980         5.000       4.020      SLICE_X38Y0     u_ram2/lfsr_reg[11]_srl5_u_ram0_lfsr_reg_c_11/CLK
Low Pulse Width   Fast    SRL16E/CLK          n/a            0.980         5.000       4.020      SLICE_X38Y0     u_ram2/lfsr_reg[11]_srl5_u_ram0_lfsr_reg_c_11/CLK
High Pulse Width  Slow    SRL16E/CLK          n/a            0.980         5.000       4.020      SLICE_X38Y0     u_ram0/lfsr_reg[11]_srl5_u_ram0_lfsr_reg_c_11/CLK
High Pulse Width  Fast    SRL16E/CLK          n/a            0.980         5.000       4.020      SLICE_X38Y0     u_ram0/lfsr_reg[11]_srl5_u_ram0_lfsr_reg_c_11/CLK
High Pulse Width  Slow    SRL16E/CLK          n/a            0.980         5.000       4.020      SLICE_X38Y3     u_ram0/lfsr_reg[4]_srl4_u_ram0_lfsr_reg_c_10/CLK
High Pulse Width  Fast    SRL16E/CLK          n/a            0.980         5.000       4.020      SLICE_X38Y3     u_ram0/lfsr_reg[4]_srl4_u_ram0_lfsr_reg_c_10/CLK
High Pulse Width  Slow    SRL16E/CLK          n/a            0.980         5.000       4.020      SLICE_X38Y0     u_ram1/lfsr_reg[11]_srl5_u_ram0_lfsr_reg_c_11/CLK
High Pulse Width  Fast    SRL16E/CLK          n/a            0.980         5.000       4.020      SLICE_X38Y0     u_ram1/lfsr_reg[11]_srl5_u_ram0_lfsr_reg_c_11/CLK
High Pulse Width  Slow    SRL16E/CLK          n/a            0.980         5.000       4.020      SLICE_X38Y3     u_ram1/lfsr_reg[4]_srl4_u_ram0_lfsr_reg_c_10/CLK
High Pulse Width  Fast    SRL16E/CLK          n/a            0.980         5.000       4.020      SLICE_X38Y3     u_ram1/lfsr_reg[4]_srl4_u_ram0_lfsr_reg_c_10/CLK
High Pulse Width  Slow    SRL16E/CLK          n/a            0.980         5.000       4.020      SLICE_X38Y0     u_ram2/lfsr_reg[11]_srl5_u_ram0_lfsr_reg_c_11/CLK
High Pulse Width  Fast    SRL16E/CLK          n/a            0.980         5.000       4.020      SLICE_X38Y0     u_ram2/lfsr_reg[11]_srl5_u_ram0_lfsr_reg_c_11/CLK



---------------------------------------------------------------------------------------------------
Path Group:  **async_default**
From Clock:  clk_in
  To Clock:  clk_in

Setup :            0  Failing Endpoints,  Worst Slack        1.639ns,  Total Violation        0.000ns
Hold  :            0  Failing Endpoints,  Worst Slack        0.779ns,  Total Violation        0.000ns
---------------------------------------------------------------------------------------------------


Max Delay Paths
--------------------------------------------------------------------------------------
Slack (MET) :             1.639ns  (required time - arrival time)
  Source:                 rst_sync_reg[3]/C
                            (rising edge-triggered cell FDRE clocked by clk_in  {rise@0.000ns fall@5.000ns period=10.000ns})
  Destination:            u_xbar/g_sport[2].g_slice.u_r_slice/skid_reg_reg[6]/CLR
                            (recovery check against rising-edge clock clk_in  {rise@0.000ns fall@5.000ns period=10.000ns})
  Path Group:             **async_default**
  Path Type:              Recovery (Max at Slow Process Corner)
  Requirement:            10.000ns  (clk_in rise@10.000ns - clk_in rise@0.000ns)
  Data Path Delay:        7.703ns  (logic 0.642ns (8.334%)  route 7.061ns (91.666%))
  Logic Levels:           1  (LUT1=1)
  Clock Path Skew:        -0.218ns (DCD - SCD + CPR)
    Destination Clock Delay (DCD):    4.863ns = ( 14.863 - 10.000 ) 
    Source Clock Delay      (SCD):    5.371ns
    Clock Pessimism Removal (CPR):    0.290ns
  Clock Uncertainty:      0.035ns  ((TSJ^2 + TIJ^2)^1/2 + DJ) / 2 + PE
    Total System Jitter     (TSJ):    0.071ns
    Total Input Jitter      (TIJ):    0.000ns
    Discrete Jitter          (DJ):    0.000ns
    Phase Error              (PE):    0.000ns

    Location             Delay type                Incr(ns)  Path(ns)    Netlist Resource(s)
  -------------------------------------------------------------------    -------------------
                         (clock clk_in rise edge)     0.000     0.000 r  
    H16                                               0.000     0.000 r  clk (IN)
                         net (fo=0)                   0.000     0.000    clk
    H16                  IBUF (Prop_ibuf_I_O)         1.457     1.457 r  clk_IBUF_inst/O
                         net (fo=1, routed)           2.076     3.533    clk_IBUF
    BUFGCTRL_X0Y16       BUFG (Prop_bufg_I_O)         0.101     3.634 r  clk_IBUF_BUFG_inst/O
                         net (fo=2163, routed)        1.737     5.371    clk_IBUF_BUFG
    SLICE_X42Y25         FDRE                                         r  rst_sync_reg[3]/C
  -------------------------------------------------------------------    -------------------
    SLICE_X42Y25         FDRE (Prop_fdre_C_Q)         0.518     5.889 r  rst_sync_reg[3]/Q
                         net (fo=1, routed)           0.354     6.244    u_xbar/g_sport[2].g_slice.u_r_slice/skid_reg_reg[38]_0[0]
    SLICE_X42Y25         LUT1 (Prop_lut1_I0_O)        0.124     6.368 f  u_xbar/g_sport[2].g_slice.u_r_slice/FSM_sequential_current_state[1]_i_2__5/O
                         net (fo=2079, routed)        6.707    13.074    u_xbar/g_sport[2].g_slice.u_r_slice/rst_sync_reg[3]
    SLICE_X14Y1          FDCE                                         f  u_xbar/g_sport[2].g_slice.u_r_slice/skid_reg_reg[6]/CLR
  -------------------------------------------------------------------    -------------------

                         (clock clk_in rise edge)    10.000    10.000 r  
    H16                                               0.000    10.000 r  clk (IN)
                         net (fo=0)                   0.000    10.000    clk
    H16                  IBUF (Prop_ibuf_I_O)         1.387    11.387 r  clk_IBUF_inst/O
                         net (fo=1, routed)           1.880    13.267    clk_IBUF
    BUFGCTRL_X0Y16       BUFG (Prop_bufg_I_O)         0.091    13.358 r  clk_IBUF_BUFG_inst/O
                         net (fo=2163, routed)        1.505    14.863    u_xbar/g_sport[2].g_slice.u_r_slice/clk_IBUF_BUFG
    SLICE_X14Y1          FDCE                                         r  u_xbar/g_sport[2].g_slice.u_r_slice/skid_reg_reg[6]/C
                         clock pessimism              0.290    15.154    
                         clock uncertainty           -0.035    15.118    
    SLICE_X14Y1          FDCE (Recov_fdce_C_CLR)     -0.405    14.713    u_xbar/g_sport[2].g_slice.u_r_slice/skid_reg_reg[6]
  -------------------------------------------------------------------
                         required time                         14.713    
                         arrival time                         -13.074    
  -------------------------------------------------------------------
                         slack                                  1.639    

Slack (MET) :             1.643ns  (required time - arrival time)
  Source:                 rst_sync_reg[3]/C
                            (rising edge-triggered cell FDRE clocked by clk_in  {rise@0.000ns fall@5.000ns period=10.000ns})
  Destination:            u_ram0/r_addr_reg[4]/CLR
                            (recovery check against rising-edge clock clk_in  {rise@0.000ns fall@5.000ns period=10.000ns})
  Path Group:             **async_default**
  Path Type:              Recovery (Max at Slow Process Corner)
  Requirement:            10.000ns  (clk_in rise@10.000ns - clk_in rise@0.000ns)
  Data Path Delay:        7.699ns  (logic 0.642ns (8.339%)  route 7.057ns (91.661%))
  Logic Levels:           1  (LUT1=1)
  Clock Path Skew:        -0.218ns (DCD - SCD + CPR)
    Destination Clock Delay (DCD):    4.863ns = ( 14.863 - 10.000 ) 
    Source Clock Delay      (SCD):    5.371ns
    Clock Pessimism Removal (CPR):    0.290ns
  Clock Uncertainty:      0.035ns  ((TSJ^2 + TIJ^2)^1/2 + DJ) / 2 + PE
    Total System Jitter     (TSJ):    0.071ns
    Total Input Jitter      (TIJ):    0.000ns
    Discrete Jitter          (DJ):    0.000ns
    Phase Error              (PE):    0.000ns

    Location             Delay type                Incr(ns)  Path(ns)    Netlist Resource(s)
  -------------------------------------------------------------------    -------------------
                         (clock clk_in rise edge)     0.000     0.000 r  
    H16                                               0.000     0.000 r  clk (IN)
                         net (fo=0)                   0.000     0.000    clk
    H16                  IBUF (Prop_ibuf_I_O)         1.457     1.457 r  clk_IBUF_inst/O
                         net (fo=1, routed)           2.076     3.533    clk_IBUF
    BUFGCTRL_X0Y16       BUFG (Prop_bufg_I_O)         0.101     3.634 r  clk_IBUF_BUFG_inst/O
                         net (fo=2163, routed)        1.737     5.371    clk_IBUF_BUFG
    SLICE_X42Y25         FDRE                                         r  rst_sync_reg[3]/C
  -------------------------------------------------------------------    -------------------
    SLICE_X42Y25         FDRE (Prop_fdre_C_Q)         0.518     5.889 r  rst_sync_reg[3]/Q
                         net (fo=1, routed)           0.354     6.244    u_xbar/g_sport[2].g_slice.u_r_slice/skid_reg_reg[38]_0[0]
    SLICE_X42Y25         LUT1 (Prop_lut1_I0_O)        0.124     6.368 f  u_xbar/g_sport[2].g_slice.u_r_slice/FSM_sequential_current_state[1]_i_2__5/O
                         net (fo=2079, routed)        6.702    13.070    u_ram0/r_burst_reg[1]_0
    SLICE_X15Y1          FDCE                                         f  u_ram0/r_addr_reg[4]/CLR
  -------------------------------------------------------------------    -------------------

                         (clock clk_in rise edge)    10.000    10.000 r  
    H16                                               0.000    10.000 r  clk (IN)
                         net (fo=0)                   0.000    10.000    clk
    H16                  IBUF (Prop_ibuf_I_O)         1.387    11.387 r  clk_IBUF_inst/O
                         net (fo=1, routed)           1.880    13.267    clk_IBUF
    BUFGCTRL_X0Y16       BUFG (Prop_bufg_I_O)         0.091    13.358 r  clk_IBUF_BUFG_inst/O
                         net (fo=2163, routed)        1.505    14.863    u_ram0/clk_IBUF_BUFG
    SLICE_X15Y1          FDCE                                         r  u_ram0/r_addr_reg[4]/C
                         clock pessimism              0.290    15.154    
                         clock uncertainty           -0.035    15.118    
    SLICE_X15Y1          FDCE (Recov_fdce_C_CLR)     -0.405    14.713    u_ram0/r_addr_reg[4]
  -------------------------------------------------------------------
                         required time                         14.713    
                         arrival time                         -13.070    
  -------------------------------------------------------------------
                         slack                                  1.643    

Slack (MET) :             1.643ns  (required time - arrival time)
  Source:                 rst_sync_reg[3]/C
                            (rising edge-triggered cell FDRE clocked by clk_in  {rise@0.000ns fall@5.000ns period=10.000ns})
  Destination:            u_ram0/r_addr_reg[5]/CLR
                            (recovery check against rising-edge clock clk_in  {rise@0.000ns fall@5.000ns period=10.000ns})
  Path Group:             **async_default**
  Path Type:              Recovery (Max at Slow Process Corner)
  Requirement:            10.000ns  (clk_in rise@10.000ns - clk_in rise@0.000ns)
  Data Path Delay:        7.699ns  (logic 0.642ns (8.339%)  route 7.057ns (91.661%))
  Logic Levels:           1  (LUT1=1)
  Clock Path Skew:        -0.218ns (DCD - SCD + CPR)
    Destination Clock Delay (DCD):    4.863ns = ( 14.863 - 10.000 ) 
    Source Clock Delay      (SCD):    5.371ns
    Clock Pessimism Removal (CPR):    0.290ns
  Clock Uncertainty:      0.035ns  ((TSJ^2 + TIJ^2)^1/2 + DJ) / 2 + PE
    Total System Jitter     (TSJ):    0.071ns
    Total Input Jitter      (TIJ):    0.000ns
    Discrete Jitter          (DJ):    0.000ns
    Phase Error              (PE):    0.000ns

    Location             Delay type                Incr(ns)  Path(ns)    Netlist Resource(s)
  -------------------------------------------------------------------    -------------------
                         (clock clk_in rise edge)     0.000     0.000 r  
    H16                                               0.000     0.000 r  clk (IN)
                         net (fo=0)                   0.000     0.000    clk
    H16                  IBUF (Prop_ibuf_I_O)         1.457     1.457 r  clk_IBUF_inst/O
                         net (fo=1, routed)           2.076     3.533    clk_IBUF
    BUFGCTRL_X0Y16       BUFG (Prop_bufg_I_O)         0.101     3.634 r  clk_IBUF_BUFG_inst/O
                         net (fo=2163, routed)        1.737     5.371    clk_IBUF_BUFG
    SLICE_X42Y25         FDRE                                         r  rst_sync_reg[3]/C
  -------------------------------------------------------------------    -------------------
    SLICE_X42Y25         FDRE (Prop_fdre_C_Q)         0.518     5.889 r  rst_sync_reg[3]/Q
                         net (fo=1, routed)           0.354     6.244    u_xbar/g_sport[2].g_slice.u_r_slice/skid_reg_reg[38]_0[0]
    SLICE_X42Y25         LUT1 (Prop_lut1_I0_O)        0.124     6.368 f  u_xbar/g_sport[2].g_slice.u_r_slice/FSM_sequential_current_state[1]_i_2__5/O
                         net (fo=2079, routed)        6.702    13.070    u_ram0/r_burst_reg[1]_0
    SLICE_X15Y1          FDCE                                         f  u_ram0/r_addr_reg[5]/CLR
  -------------------------------------------------------------------    -------------------

                         (clock clk_in rise edge)    10.000    10.000 r  
    H16                                               0.000    10.000 r  clk (IN)
                         net (fo=0)                   0.000    10.000    clk
    H16                  IBUF (Prop_ibuf_I_O)         1.387    11.387 r  clk_IBUF_inst/O
                         net (fo=1, routed)           1.880    13.267    clk_IBUF
    BUFGCTRL_X0Y16       BUFG (Prop_bufg_I_O)         0.091    13.358 r  clk_IBUF_BUFG_inst/O
                         net (fo=2163, routed)        1.505    14.863    u_ram0/clk_IBUF_BUFG
    SLICE_X15Y1          FDCE                                         r  u_ram0/r_addr_reg[5]/C
                         clock pessimism              0.290    15.154    
                         clock uncertainty           -0.035    15.118    
    SLICE_X15Y1          FDCE (Recov_fdce_C_CLR)     -0.405    14.713    u_ram0/r_addr_reg[5]
  -------------------------------------------------------------------
                         required time                         14.713    
                         arrival time                         -13.070    
  -------------------------------------------------------------------
                         slack                                  1.643    

Slack (MET) :             1.653ns  (required time - arrival time)
  Source:                 rst_sync_reg[3]/C
                            (rising edge-triggered cell FDRE clocked by clk_in  {rise@0.000ns fall@5.000ns period=10.000ns})
  Destination:            u_xbar/g_sport[2].g_slice.u_ar_slice/main_reg_reg[17]/CLR
                            (recovery check against rising-edge clock clk_in  {rise@0.000ns fall@5.000ns period=10.000ns})
  Path Group:             **async_default**
  Path Type:              Recovery (Max at Slow Process Corner)
  Requirement:            10.000ns  (clk_in rise@10.000ns - clk_in rise@0.000ns)
  Data Path Delay:        7.687ns  (logic 0.642ns (8.352%)  route 7.045ns (91.648%))
  Logic Levels:           1  (LUT1=1)
  Clock Path Skew:        -0.220ns (DCD - SCD + CPR)
    Destination Clock Delay (DCD):    4.861ns = ( 14.861 - 10.000 ) 
    Source Clock Delay      (SCD):    5.371ns
    Clock Pessimism Removal (CPR):    0.290ns
  Clock Uncertainty:      0.035ns  ((TSJ^2 + TIJ^2)^1/2 + DJ) / 2 + PE
    Total System Jitter     (TSJ):    0.071ns
    Total Input Jitter      (TIJ):    0.000ns
    Discrete Jitter          (DJ):    0.000ns
    Phase Error              (PE):    0.000ns

    Location             Delay type                Incr(ns)  Path(ns)    Netlist Resource(s)
  -------------------------------------------------------------------    -------------------
                         (clock clk_in rise edge)     0.000     0.000 r  
    H16                                               0.000     0.000 r  clk (IN)
                         net (fo=0)                   0.000     0.000    clk
    H16                  IBUF (Prop_ibuf_I_O)         1.457     1.457 r  clk_IBUF_inst/O
                         net (fo=1, routed)           2.076     3.533    clk_IBUF
    BUFGCTRL_X0Y16       BUFG (Prop_bufg_I_O)         0.101     3.634 r  clk_IBUF_BUFG_inst/O
                         net (fo=2163, routed)        1.737     5.371    clk_IBUF_BUFG
    SLICE_X42Y25         FDRE                                         r  rst_sync_reg[3]/C
  -------------------------------------------------------------------    -------------------
    SLICE_X42Y25         FDRE (Prop_fdre_C_Q)         0.518     5.889 r  rst_sync_reg[3]/Q
                         net (fo=1, routed)           0.354     6.244    u_xbar/g_sport[2].g_slice.u_r_slice/skid_reg_reg[38]_0[0]
    SLICE_X42Y25         LUT1 (Prop_lut1_I0_O)        0.124     6.368 f  u_xbar/g_sport[2].g_slice.u_r_slice/FSM_sequential_current_state[1]_i_2__5/O
                         net (fo=2079, routed)        6.690    13.058    u_xbar/g_sport[2].g_slice.u_ar_slice/skid_reg_reg[48]_0
    SLICE_X21Y1          FDCE                                         f  u_xbar/g_sport[2].g_slice.u_ar_slice/main_reg_reg[17]/CLR
  -------------------------------------------------------------------    -------------------

                         (clock clk_in rise edge)    10.000    10.000 r  
    H16                                               0.000    10.000 r  clk (IN)
                         net (fo=0)                   0.000    10.000    clk
    H16                  IBUF (Prop_ibuf_I_O)         1.387    11.387 r  clk_IBUF_inst/O
                         net (fo=1, routed)           1.880    13.267    clk_IBUF
    BUFGCTRL_X0Y16       BUFG (Prop_bufg_I_O)         0.091    13.358 r  clk_IBUF_BUFG_inst/O
                         net (fo=2163, routed)        1.503    14.861    u_xbar/g_sport[2].g_slice.u_ar_slice/clk_IBUF_BUFG
    SLICE_X21Y1          FDCE                                         r  u_xbar/g_sport[2].g_slice.u_ar_slice/main_reg_reg[17]/C
                         clock pessimism              0.290    15.152    
                         clock uncertainty           -0.035    15.116    
    SLICE_X21Y1          FDCE (Recov_fdce_C_CLR)     -0.405    14.711    u_xbar/g_sport[2].g_slice.u_ar_slice/main_reg_reg[17]
  -------------------------------------------------------------------
                         required time                         14.711    
                         arrival time                         -13.058    
  -------------------------------------------------------------------
                         slack                                  1.653    

Slack (MET) :             1.653ns  (required time - arrival time)
  Source:                 rst_sync_reg[3]/C
                            (rising edge-triggered cell FDRE clocked by clk_in  {rise@0.000ns fall@5.000ns period=10.000ns})
  Destination:            u_xbar/g_sport[2].g_slice.u_ar_slice/main_reg_reg[18]/CLR
                            (recovery check against rising-edge clock clk_in  {rise@0.000ns fall@5.000ns period=10.000ns})
  Path Group:             **async_default**
  Path Type:              Recovery (Max at Slow Process Corner)
  Requirement:            10.000ns  (clk_in rise@10.000ns - clk_in rise@0.000ns)
  Data Path Delay:        7.687ns  (logic 0.642ns (8.352%)  route 7.045ns (91.648%))
  Logic Levels:           1  (LUT1=1)
  Clock Path Skew:        -0.220ns (DCD - SCD + CPR)
    Destination Clock Delay (DCD):    4.861ns = ( 14.861 - 10.000 ) 
    Source Clock Delay      (SCD):    5.371ns
    Clock Pessimism Removal (CPR):    0.290ns
  Clock Uncertainty:      0.035ns  ((TSJ^2 + TIJ^2)^1/2 + DJ) / 2 + PE
    Total System Jitter     (TSJ):    0.071ns
    Total Input Jitter      (TIJ):    0.000ns
    Discrete Jitter          (DJ):    0.000ns
    Phase Error              (PE):    0.000ns

    Location             Delay type                Incr(ns)  Path(ns)    Netlist Resource(s)
  -------------------------------------------------------------------    -------------------
                         (clock clk_in rise edge)     0.000     0.000 r  
    H16                                               0.000     0.000 r  clk (IN)
                         net (fo=0)                   0.000     0.000    clk
    H16                  IBUF (Prop_ibuf_I_O)         1.457     1.457 r  clk_IBUF_inst/O
                         net (fo=1, routed)           2.076     3.533    clk_IBUF
    BUFGCTRL_X0Y16       BUFG (Prop_bufg_I_O)         0.101     3.634 r  clk_IBUF_BUFG_inst/O
                         net (fo=2163, routed)        1.737     5.371    clk_IBUF_BUFG
    SLICE_X42Y25         FDRE                                         r  rst_sync_reg[3]/C
  -------------------------------------------------------------------    -------------------
    SLICE_X42Y25         FDRE (Prop_fdre_C_Q)         0.518     5.889 r  rst_sync_reg[3]/Q
                         net (fo=1, routed)           0.354     6.244    u_xbar/g_sport[2].g_slice.u_r_slice/skid_reg_reg[38]_0[0]
    SLICE_X42Y25         LUT1 (Prop_lut1_I0_O)        0.124     6.368 f  u_xbar/g_sport[2].g_slice.u_r_slice/FSM_sequential_current_state[1]_i_2__5/O
                         net (fo=2079, routed)        6.690    13.058    u_xbar/g_sport[2].g_slice.u_ar_slice/skid_reg_reg[48]_0
    SLICE_X21Y1          FDCE                                         f  u_xbar/g_sport[2].g_slice.u_ar_slice/main_reg_reg[18]/CLR
  -------------------------------------------------------------------    -------------------

                         (clock clk_in rise edge)    10.000    10.000 r  
    H16                                               0.000    10.000 r  clk (IN)
                         net (fo=0)                   0.000    10.000    clk
    H16                  IBUF (Prop_ibuf_I_O)         1.387    11.387 r  clk_IBUF_inst/O
                         net (fo=1, routed)           1.880    13.267    clk_IBUF
    BUFGCTRL_X0Y16       BUFG (Prop_bufg_I_O)         0.091    13.358 r  clk_IBUF_BUFG_inst/O
                         net (fo=2163, routed)        1.503    14.861    u_xbar/g_sport[2].g_slice.u_ar_slice/clk_IBUF_BUFG
    SLICE_X21Y1          FDCE                                         r  u_xbar/g_sport[2].g_slice.u_ar_slice/main_reg_reg[18]/C
                         clock pessimism              0.290    15.152    
                         clock uncertainty           -0.035    15.116    
    SLICE_X21Y1          FDCE (Recov_fdce_C_CLR)     -0.405    14.711    u_xbar/g_sport[2].g_slice.u_ar_slice/main_reg_reg[18]
  -------------------------------------------------------------------
                         required time                         14.711    
                         arrival time                         -13.058    
  -------------------------------------------------------------------
                         slack                                  1.653    

Slack (MET) :             1.653ns  (required time - arrival time)
  Source:                 rst_sync_reg[3]/C
                            (rising edge-triggered cell FDRE clocked by clk_in  {rise@0.000ns fall@5.000ns period=10.000ns})
  Destination:            u_xbar/g_sport[2].g_slice.u_ar_slice/main_reg_reg[21]/CLR
                            (recovery check against rising-edge clock clk_in  {rise@0.000ns fall@5.000ns period=10.000ns})
  Path Group:             **async_default**
  Path Type:              Recovery (Max at Slow Process Corner)
  Requirement:            10.000ns  (clk_in rise@10.000ns - clk_in rise@0.000ns)
  Data Path Delay:        7.687ns  (logic 0.642ns (8.352%)  route 7.045ns (91.648%))
  Logic Levels:           1  (LUT1=1)
  Clock Path Skew:        -0.220ns (DCD - SCD + CPR)
    Destination Clock Delay (DCD):    4.861ns = ( 14.861 - 10.000 ) 
    Source Clock Delay      (SCD):    5.371ns
    Clock Pessimism Removal (CPR):    0.290ns
  Clock Uncertainty:      0.035ns  ((TSJ^2 + TIJ^2)^1/2 + DJ) / 2 + PE
    Total System Jitter     (TSJ):    0.071ns
    Total Input Jitter      (TIJ):    0.000ns
    Discrete Jitter          (DJ):    0.000ns
    Phase Error              (PE):    0.000ns

    Location             Delay type                Incr(ns)  Path(ns)    Netlist Resource(s)
  -------------------------------------------------------------------    -------------------
                         (clock clk_in rise edge)     0.000     0.000 r  
    H16                                               0.000     0.000 r  clk (IN)
                         net (fo=0)                   0.000     0.000    clk
    H16                  IBUF (Prop_ibuf_I_O)         1.457     1.457 r  clk_IBUF_inst/O
                         net (fo=1, routed)           2.076     3.533    clk_IBUF
    BUFGCTRL_X0Y16       BUFG (Prop_bufg_I_O)         0.101     3.634 r  clk_IBUF_BUFG_inst/O
                         net (fo=2163, routed)        1.737     5.371    clk_IBUF_BUFG
    SLICE_X42Y25         FDRE                                         r  rst_sync_reg[3]/C
  -------------------------------------------------------------------    -------------------
    SLICE_X42Y25         FDRE (Prop_fdre_C_Q)         0.518     5.889 r  rst_sync_reg[3]/Q
                         net (fo=1, routed)           0.354     6.244    u_xbar/g_sport[2].g_slice.u_r_slice/skid_reg_reg[38]_0[0]
    SLICE_X42Y25         LUT1 (Prop_lut1_I0_O)        0.124     6.368 f  u_xbar/g_sport[2].g_slice.u_r_slice/FSM_sequential_current_state[1]_i_2__5/O
                         net (fo=2079, routed)        6.690    13.058    u_xbar/g_sport[2].g_slice.u_ar_slice/skid_reg_reg[48]_0
    SLICE_X21Y1          FDCE                                         f  u_xbar/g_sport[2].g_slice.u_ar_slice/main_reg_reg[21]/CLR
  -------------------------------------------------------------------    -------------------

                         (clock clk_in rise edge)    10.000    10.000 r  
    H16                                               0.000    10.000 r  clk (IN)
                         net (fo=0)                   0.000    10.000    clk
    H16                  IBUF (Prop_ibuf_I_O)         1.387    11.387 r  clk_IBUF_inst/O
                         net (fo=1, routed)           1.880    13.267    clk_IBUF
    BUFGCTRL_X0Y16       BUFG (Prop_bufg_I_O)         0.091    13.358 r  clk_IBUF_BUFG_inst/O
                         net (fo=2163, routed)        1.503    14.861    u_xbar/g_sport[2].g_slice.u_ar_slice/clk_IBUF_BUFG
    SLICE_X21Y1          FDCE                                         r  u_xbar/g_sport[2].g_slice.u_ar_slice/main_reg_reg[21]/C
                         clock pessimism              0.290    15.152    
                         clock uncertainty           -0.035    15.116    
    SLICE_X21Y1          FDCE (Recov_fdce_C_CLR)     -0.405    14.711    u_xbar/g_sport[2].g_slice.u_ar_slice/main_reg_reg[21]
  -------------------------------------------------------------------
                         required time                         14.711    
                         arrival time                         -13.058    
  -------------------------------------------------------------------
                         slack                                  1.653    

Slack (MET) :             1.653ns  (required time - arrival time)
  Source:                 rst_sync_reg[3]/C
                            (rising edge-triggered cell FDRE clocked by clk_in  {rise@0.000ns fall@5.000ns period=10.000ns})
  Destination:            u_xbar/g_sport[2].g_slice.u_ar_slice/main_reg_reg[22]/CLR
                            (recovery check against rising-edge clock clk_in  {rise@0.000ns fall@5.000ns period=10.000ns})
  Path Group:             **async_default**
  Path Type:              Recovery (Max at Slow Process Corner)
  Requirement:            10.000ns  (clk_in rise@10.000ns - clk_in rise@0.000ns)
  Data Path Delay:        7.687ns  (logic 0.642ns (8.352%)  route 7.045ns (91.648%))
  Logic Levels:           1  (LUT1=1)
  Clock Path Skew:        -0.220ns (DCD - SCD + CPR)
    Destination Clock Delay (DCD):    4.861ns = ( 14.861 - 10.000 ) 
    Source Clock Delay      (SCD):    5.371ns
    Clock Pessimism Removal (CPR):    0.290ns
  Clock Uncertainty:      0.035ns  ((TSJ^2 + TIJ^2)^1/2 + DJ) / 2 + PE
    Total System Jitter     (TSJ):    0.071ns
    Total Input Jitter      (TIJ):    0.000ns
    Discrete Jitter          (DJ):    0.000ns
    Phase Error              (PE):    0.000ns

    Location             Delay type                Incr(ns)  Path(ns)    Netlist Resource(s)
  -------------------------------------------------------------------    -------------------
                         (clock clk_in rise edge)     0.000     0.000 r  
    H16                                               0.000     0.000 r  clk (IN)
                         net (fo=0)                   0.000     0.000    clk
    H16                  IBUF (Prop_ibuf_I_O)         1.457     1.457 r  clk_IBUF_inst/O
                         net (fo=1, routed)           2.076     3.533    clk_IBUF
    BUFGCTRL_X0Y16       BUFG (Prop_bufg_I_O)         0.101     3.634 r  clk_IBUF_BUFG_inst/O
                         net (fo=2163, routed)        1.737     5.371    clk_IBUF_BUFG
    SLICE_X42Y25         FDRE                                         r  rst_sync_reg[3]/C
  -------------------------------------------------------------------    -------------------
    SLICE_X42Y25         FDRE (Prop_fdre_C_Q)         0.518     5.889 r  rst_sync_reg[3]/Q
                         net (fo=1, routed)           0.354     6.244    u_xbar/g_sport[2].g_slice.u_r_slice/skid_reg_reg[38]_0[0]
    SLICE_X42Y25         LUT1 (Prop_lut1_I0_O)        0.124     6.368 f  u_xbar/g_sport[2].g_slice.u_r_slice/FSM_sequential_current_state[1]_i_2__5/O
                         net (fo=2079, routed)        6.690    13.058    u_xbar/g_sport[2].g_slice.u_ar_slice/skid_reg_reg[48]_0
    SLICE_X21Y1          FDCE                                         f  u_xbar/g_sport[2].g_slice.u_ar_slice/main_reg_reg[22]/CLR
  -------------------------------------------------------------------    -------------------

                         (clock clk_in rise edge)    10.000    10.000 r  
    H16                                               0.000    10.000 r  clk (IN)
                         net (fo=0)                   0.000    10.000    clk
    H16                  IBUF (Prop_ibuf_I_O)         1.387    11.387 r  clk_IBUF_inst/O
                         net (fo=1, routed)           1.880    13.267    clk_IBUF
    BUFGCTRL_X0Y16       BUFG (Prop_bufg_I_O)         0.091    13.358 r  clk_IBUF_BUFG_inst/O
                         net (fo=2163, routed)        1.503    14.861    u_xbar/g_sport[2].g_slice.u_ar_slice/clk_IBUF_BUFG
    SLICE_X21Y1          FDCE                                         r  u_xbar/g_sport[2].g_slice.u_ar_slice/main_reg_reg[22]/C
                         clock pessimism              0.290    15.152    
                         clock uncertainty           -0.035    15.116    
    SLICE_X21Y1          FDCE (Recov_fdce_C_CLR)     -0.405    14.711    u_xbar/g_sport[2].g_slice.u_ar_slice/main_reg_reg[22]
  -------------------------------------------------------------------
                         required time                         14.711    
                         arrival time                         -13.058    
  -------------------------------------------------------------------
                         slack                                  1.653    

Slack (MET) :             1.697ns  (required time - arrival time)
  Source:                 rst_sync_reg[3]/C
                            (rising edge-triggered cell FDRE clocked by clk_in  {rise@0.000ns fall@5.000ns period=10.000ns})
  Destination:            u_xbar/g_sport[2].g_slice.u_ar_slice/skid_reg_reg[20]/CLR
                            (recovery check against rising-edge clock clk_in  {rise@0.000ns fall@5.000ns period=10.000ns})
  Path Group:             **async_default**
  Path Type:              Recovery (Max at Slow Process Corner)
  Requirement:            10.000ns  (clk_in rise@10.000ns - clk_in rise@0.000ns)
  Data Path Delay:        7.687ns  (logic 0.642ns (8.352%)  route 7.045ns (91.648%))
  Logic Levels:           1  (LUT1=1)
  Clock Path Skew:        -0.220ns (DCD - SCD + CPR)
    Destination Clock Delay (DCD):    4.861ns = ( 14.861 - 10.000 ) 
    Source Clock Delay      (SCD):    5.371ns
    Clock Pessimism Removal (CPR):    0.290ns
  Clock Uncertainty:      0.035ns  ((TSJ^2 + TIJ^2)^1/2 + DJ) / 2 + PE
    Total System Jitter     (TSJ):    0.071ns
    Total Input Jitter      (TIJ):    0.000ns
    Discrete Jitter          (DJ):    0.000ns
    Phase Error              (PE):    0.000ns

    Location             Delay type                Incr(ns)  Path(ns)    Netlist Resource(s)
  -------------------------------------------------------------------    -------------------
                         (clock clk_in rise edge)     0.000     0.000 r  
    H16                                               0.000     0.000 r  clk (IN)
                         net (fo=0)                   0.000     0.000    clk
    H16                  IBUF (Prop_ibuf_I_O)         1.457     1.457 r  clk_IBUF_inst/O
                         net (fo=1, routed)           2.076     3.533    clk_IBUF
    BUFGCTRL_X0Y16       BUFG (Prop_bufg_I_O)         0.101     3.634 r  clk_IBUF_BUFG_inst/O
                         net (fo=2163, routed)        1.737     5.371    clk_IBUF_BUFG
    SLICE_X42Y25         FDRE                                         r  rst_sync_reg[3]/C
  -------------------------------------------------------------------    -------------------
    SLICE_X42Y25         FDRE (Prop_fdre_C_Q)         0.518     5.889 r  rst_sync_reg[3]/Q
                         net (fo=1, routed)           0.354     6.244    u_xbar/g_sport[2].g_slice.u_r_slice/skid_reg_reg[38]_0[0]
    SLICE_X42Y25         LUT1 (Prop_lut1_I0_O)        0.124     6.368 f  u_xbar/g_sport[2].g_slice.u_r_slice/FSM_sequential_current_state[1]_i_2__5/O
                         net (fo=2079, routed)        6.690    13.058    u_xbar/g_sport[2].g_slice.u_ar_slice/skid_reg_reg[48]_0
    SLICE_X20Y1          FDCE                                         f  u_xbar/g_sport[2].g_slice.u_ar_slice/skid_reg_reg[20]/CLR
  -------------------------------------------------------------------    -------------------

                         (clock clk_in rise edge)    10.000    10.000 r  
    H16                                               0.000    10.000 r  clk (IN)
                         net (fo=0)                   0.000    10.000    clk
    H16                  IBUF (Prop_ibuf_I_O)         1.387    11.387 r  clk_IBUF_inst/O
                         net (fo=1, routed)           1.880    13.267    clk_IBUF
    BUFGCTRL_X0Y16       BUFG (Prop_bufg_I_O)         0.091    13.358 r  clk_IBUF_BUFG_inst/O
                         net (fo=2163, routed)        1.503    14.861    u_xbar/g_sport[2].g_slice.u_ar_slice/clk_IBUF_BUFG
    SLICE_X20Y1          FDCE                                         r  u_xbar/g_sport[2].g_slice.u_ar_slice/skid_reg_reg[20]/C
                         clock pessimism              0.290    15.152    
                         clock uncertainty           -0.035    15.116    
    SLICE_X20Y1          FDCE (Recov_fdce_C_CLR)     -0.361    14.755    u_xbar/g_sport[2].g_slice.u_ar_slice/skid_reg_reg[20]
  -------------------------------------------------------------------
                         required time                         14.755    
                         arrival time                         -13.058    
  -------------------------------------------------------------------
                         slack                                  1.697    

Slack (MET) :             1.697ns  (required time - arrival time)
  Source:                 rst_sync_reg[3]/C
                            (rising edge-triggered cell FDRE clocked by clk_in  {rise@0.000ns fall@5.000ns period=10.000ns})
  Destination:            u_xbar/g_sport[2].g_slice.u_ar_slice/skid_reg_reg[21]/CLR
                            (recovery check against rising-edge clock clk_in  {rise@0.000ns fall@5.000ns period=10.000ns})
  Path Group:             **async_default**
  Path Type:              Recovery (Max at Slow Process Corner)
  Requirement:            10.000ns  (clk_in rise@10.000ns - clk_in rise@0.000ns)
  Data Path Delay:        7.687ns  (logic 0.642ns (8.352%)  route 7.045ns (91.648%))
  Logic Levels:           1  (LUT1=1)
  Clock Path Skew:        -0.220ns (DCD - SCD + CPR)
    Destination Clock Delay (DCD):    4.861ns = ( 14.861 - 10.000 ) 
    Source Clock Delay      (SCD):    5.371ns
    Clock Pessimism Removal (CPR):    0.290ns
  Clock Uncertainty:      0.035ns  ((TSJ^2 + TIJ^2)^1/2 + DJ) / 2 + PE
    Total System Jitter     (TSJ):    0.071ns
    Total Input Jitter      (TIJ):    0.000ns
    Discrete Jitter          (DJ):    0.000ns
    Phase Error              (PE):    0.000ns

    Location             Delay type                Incr(ns)  Path(ns)    Netlist Resource(s)
  -------------------------------------------------------------------    -------------------
                         (clock clk_in rise edge)     0.000     0.000 r  
    H16                                               0.000     0.000 r  clk (IN)
                         net (fo=0)                   0.000     0.000    clk
    H16                  IBUF (Prop_ibuf_I_O)         1.457     1.457 r  clk_IBUF_inst/O
                         net (fo=1, routed)           2.076     3.533    clk_IBUF
    BUFGCTRL_X0Y16       BUFG (Prop_bufg_I_O)         0.101     3.634 r  clk_IBUF_BUFG_inst/O
                         net (fo=2163, routed)        1.737     5.371    clk_IBUF_BUFG
    SLICE_X42Y25         FDRE                                         r  rst_sync_reg[3]/C
  -------------------------------------------------------------------    -------------------
    SLICE_X42Y25         FDRE (Prop_fdre_C_Q)         0.518     5.889 r  rst_sync_reg[3]/Q
                         net (fo=1, routed)           0.354     6.244    u_xbar/g_sport[2].g_slice.u_r_slice/skid_reg_reg[38]_0[0]
    SLICE_X42Y25         LUT1 (Prop_lut1_I0_O)        0.124     6.368 f  u_xbar/g_sport[2].g_slice.u_r_slice/FSM_sequential_current_state[1]_i_2__5/O
                         net (fo=2079, routed)        6.690    13.058    u_xbar/g_sport[2].g_slice.u_ar_slice/skid_reg_reg[48]_0
    SLICE_X20Y1          FDCE                                         f  u_xbar/g_sport[2].g_slice.u_ar_slice/skid_reg_reg[21]/CLR
  -------------------------------------------------------------------    -------------------

                         (clock clk_in rise edge)    10.000    10.000 r  
    H16                                               0.000    10.000 r  clk (IN)
                         net (fo=0)                   0.000    10.000    clk
    H16                  IBUF (Prop_ibuf_I_O)         1.387    11.387 r  clk_IBUF_inst/O
                         net (fo=1, routed)           1.880    13.267    clk_IBUF
    BUFGCTRL_X0Y16       BUFG (Prop_bufg_I_O)         0.091    13.358 r  clk_IBUF_BUFG_inst/O
                         net (fo=2163, routed)        1.503    14.861    u_xbar/g_sport[2].g_slice.u_ar_slice/clk_IBUF_BUFG
    SLICE_X20Y1          FDCE                                         r  u_xbar/g_sport[2].g_slice.u_ar_slice/skid_reg_reg[21]/C
                         clock pessimism              0.290    15.152    
                         clock uncertainty           -0.035    15.116    
    SLICE_X20Y1          FDCE (Recov_fdce_C_CLR)     -0.361    14.755    u_xbar/g_sport[2].g_slice.u_ar_slice/skid_reg_reg[21]
  -------------------------------------------------------------------
                         required time                         14.755    
                         arrival time                         -13.058    
  -------------------------------------------------------------------
                         slack                                  1.697    

Slack (MET) :             1.697ns  (required time - arrival time)
  Source:                 rst_sync_reg[3]/C
                            (rising edge-triggered cell FDRE clocked by clk_in  {rise@0.000ns fall@5.000ns period=10.000ns})
  Destination:            u_xbar/g_sport[2].g_slice.u_ar_slice/skid_reg_reg[22]/CLR
                            (recovery check against rising-edge clock clk_in  {rise@0.000ns fall@5.000ns period=10.000ns})
  Path Group:             **async_default**
  Path Type:              Recovery (Max at Slow Process Corner)
  Requirement:            10.000ns  (clk_in rise@10.000ns - clk_in rise@0.000ns)
  Data Path Delay:        7.687ns  (logic 0.642ns (8.352%)  route 7.045ns (91.648%))
  Logic Levels:           1  (LUT1=1)
  Clock Path Skew:        -0.220ns (DCD - SCD + CPR)
    Destination Clock Delay (DCD):    4.861ns = ( 14.861 - 10.000 ) 
    Source Clock Delay      (SCD):    5.371ns
    Clock Pessimism Removal (CPR):    0.290ns
  Clock Uncertainty:      0.035ns  ((TSJ^2 + TIJ^2)^1/2 + DJ) / 2 + PE
    Total System Jitter     (TSJ):    0.071ns
    Total Input Jitter      (TIJ):    0.000ns
    Discrete Jitter          (DJ):    0.000ns
    Phase Error              (PE):    0.000ns

    Location             Delay type                Incr(ns)  Path(ns)    Netlist Resource(s)
  -------------------------------------------------------------------    -------------------
                         (clock clk_in rise edge)     0.000     0.000 r  
    H16                                               0.000     0.000 r  clk (IN)
                         net (fo=0)                   0.000     0.000    clk
    H16                  IBUF (Prop_ibuf_I_O)         1.457     1.457 r  clk_IBUF_inst/O
                         net (fo=1, routed)           2.076     3.533    clk_IBUF
    BUFGCTRL_X0Y16       BUFG (Prop_bufg_I_O)         0.101     3.634 r  clk_IBUF_BUFG_inst/O
                         net (fo=2163, routed)        1.737     5.371    clk_IBUF_BUFG
    SLICE_X42Y25         FDRE                                         r  rst_sync_reg[3]/C
  -------------------------------------------------------------------    -------------------
    SLICE_X42Y25         FDRE (Prop_fdre_C_Q)         0.518     5.889 r  rst_sync_reg[3]/Q
                         net (fo=1, routed)           0.354     6.244    u_xbar/g_sport[2].g_slice.u_r_slice/skid_reg_reg[38]_0[0]
    SLICE_X42Y25         LUT1 (Prop_lut1_I0_O)        0.124     6.368 f  u_xbar/g_sport[2].g_slice.u_r_slice/FSM_sequential_current_state[1]_i_2__5/O
                         net (fo=2079, routed)        6.690    13.058    u_xbar/g_sport[2].g_slice.u_ar_slice/skid_reg_reg[48]_0
    SLICE_X20Y1          FDCE                                         f  u_xbar/g_sport[2].g_slice.u_ar_slice/skid_reg_reg[22]/CLR
  -------------------------------------------------------------------    -------------------

                         (clock clk_in rise edge)    10.000    10.000 r  
    H16                                               0.000    10.000 r  clk (IN)
                         net (fo=0)                   0.000    10.000    clk
    H16                  IBUF (Prop_ibuf_I_O)         1.387    11.387 r  clk_IBUF_inst/O
                         net (fo=1, routed)           1.880    13.267    clk_IBUF
    BUFGCTRL_X0Y16       BUFG (Prop_bufg_I_O)         0.091    13.358 r  clk_IBUF_BUFG_inst/O
                         net (fo=2163, routed)        1.503    14.861    u_xbar/g_sport[2].g_slice.u_ar_slice/clk_IBUF_BUFG
    SLICE_X20Y1          FDCE                                         r  u_xbar/g_sport[2].g_slice.u_ar_slice/skid_reg_reg[22]/C
                         clock pessimism              0.290    15.152    
                         clock uncertainty           -0.035    15.116    
    SLICE_X20Y1          FDCE (Recov_fdce_C_CLR)     -0.361    14.755    u_xbar/g_sport[2].g_slice.u_ar_slice/skid_reg_reg[22]
  -------------------------------------------------------------------
                         required time                         14.755    
                         arrival time                         -13.058    
  -------------------------------------------------------------------
                         slack                                  1.697    





Min Delay Paths
--------------------------------------------------------------------------------------
Slack (MET) :             0.779ns  (arrival time - required time)
  Source:                 rst_sync_reg[3]/C
                            (rising edge-triggered cell FDRE clocked by clk_in  {rise@0.000ns fall@5.000ns period=10.000ns})
  Destination:            acc1_reg[18]/CLR
                            (removal check against rising-edge clock clk_in  {rise@0.000ns fall@5.000ns period=10.000ns})
  Path Group:             **async_default**
  Path Type:              Removal (Min at Fast Process Corner)
  Requirement:            0.000ns  (clk_in rise@0.000ns - clk_in rise@0.000ns)
  Data Path Delay:        0.725ns  (logic 0.209ns (28.844%)  route 0.516ns (71.156%))
  Logic Levels:           1  (LUT1=1)
  Clock Path Skew:        0.038ns (DCD - SCD - CPR)
    Destination Clock Delay (DCD):    1.977ns
    Source Clock Delay      (SCD):    1.459ns
    Clock Pessimism Removal (CPR):    0.480ns

    Location             Delay type                Incr(ns)  Path(ns)    Netlist Resource(s)
  -------------------------------------------------------------------    -------------------
                         (clock clk_in rise edge)     0.000     0.000 r  
    H16                                               0.000     0.000 r  clk (IN)
                         net (fo=0)                   0.000     0.000    clk
    H16                  IBUF (Prop_ibuf_I_O)         0.225     0.225 r  clk_IBUF_inst/O
                         net (fo=1, routed)           0.627     0.852    clk_IBUF
    BUFGCTRL_X0Y16       BUFG (Prop_bufg_I_O)         0.026     0.878 r  clk_IBUF_BUFG_inst/O
                         net (fo=2163, routed)        0.581     1.459    clk_IBUF_BUFG
    SLICE_X42Y25         FDRE                                         r  rst_sync_reg[3]/C
  -------------------------------------------------------------------    -------------------
    SLICE_X42Y25         FDRE (Prop_fdre_C_Q)         0.164     1.623 r  rst_sync_reg[3]/Q
                         net (fo=1, routed)           0.116     1.739    u_xbar/g_sport[2].g_slice.u_r_slice/skid_reg_reg[38]_0[0]
    SLICE_X42Y25         LUT1 (Prop_lut1_I0_O)        0.045     1.784 f  u_xbar/g_sport[2].g_slice.u_r_slice/FSM_sequential_current_state[1]_i_2__5/O
                         net (fo=2079, routed)        0.399     2.184    u_xbar_n_0
    SLICE_X39Y18         FDCE                                         f  acc1_reg[18]/CLR
  -------------------------------------------------------------------    -------------------

                         (clock clk_in rise edge)     0.000     0.000 r  
    H16                                               0.000     0.000 r  clk (IN)
                         net (fo=0)                   0.000     0.000    clk
    H16                  IBUF (Prop_ibuf_I_O)         0.413     0.413 r  clk_IBUF_inst/O
                         net (fo=1, routed)           0.683     1.096    clk_IBUF
    BUFGCTRL_X0Y16       BUFG (Prop_bufg_I_O)         0.029     1.125 r  clk_IBUF_BUFG_inst/O
                         net (fo=2163, routed)        0.852     1.977    clk_IBUF_BUFG
    SLICE_X39Y18         FDCE                                         r  acc1_reg[18]/C
                         clock pessimism             -0.480     1.497    
    SLICE_X39Y18         FDCE (Remov_fdce_C_CLR)     -0.092     1.405    acc1_reg[18]
  -------------------------------------------------------------------
                         required time                         -1.405    
                         arrival time                           2.184    
  -------------------------------------------------------------------
                         slack                                  0.779    

Slack (MET) :             0.779ns  (arrival time - required time)
  Source:                 rst_sync_reg[3]/C
                            (rising edge-triggered cell FDRE clocked by clk_in  {rise@0.000ns fall@5.000ns period=10.000ns})
  Destination:            acc1_reg[19]/CLR
                            (removal check against rising-edge clock clk_in  {rise@0.000ns fall@5.000ns period=10.000ns})
  Path Group:             **async_default**
  Path Type:              Removal (Min at Fast Process Corner)
  Requirement:            0.000ns  (clk_in rise@0.000ns - clk_in rise@0.000ns)
  Data Path Delay:        0.725ns  (logic 0.209ns (28.844%)  route 0.516ns (71.156%))
  Logic Levels:           1  (LUT1=1)
  Clock Path Skew:        0.038ns (DCD - SCD - CPR)
    Destination Clock Delay (DCD):    1.977ns
    Source Clock Delay      (SCD):    1.459ns
    Clock Pessimism Removal (CPR):    0.480ns

    Location             Delay type                Incr(ns)  Path(ns)    Netlist Resource(s)
  -------------------------------------------------------------------    -------------------
                         (clock clk_in rise edge)     0.000     0.000 r  
    H16                                               0.000     0.000 r  clk (IN)
                         net (fo=0)                   0.000     0.000    clk
    H16                  IBUF (Prop_ibuf_I_O)         0.225     0.225 r  clk_IBUF_inst/O
                         net (fo=1, routed)           0.627     0.852    clk_IBUF
    BUFGCTRL_X0Y16       BUFG (Prop_bufg_I_O)         0.026     0.878 r  clk_IBUF_BUFG_inst/O
                         net (fo=2163, routed)        0.581     1.459    clk_IBUF_BUFG
    SLICE_X42Y25         FDRE                                         r  rst_sync_reg[3]/C
  -------------------------------------------------------------------    -------------------
    SLICE_X42Y25         FDRE (Prop_fdre_C_Q)         0.164     1.623 r  rst_sync_reg[3]/Q
                         net (fo=1, routed)           0.116     1.739    u_xbar/g_sport[2].g_slice.u_r_slice/skid_reg_reg[38]_0[0]
    SLICE_X42Y25         LUT1 (Prop_lut1_I0_O)        0.045     1.784 f  u_xbar/g_sport[2].g_slice.u_r_slice/FSM_sequential_current_state[1]_i_2__5/O
                         net (fo=2079, routed)        0.399     2.184    u_xbar_n_0
    SLICE_X39Y18         FDCE                                         f  acc1_reg[19]/CLR
  -------------------------------------------------------------------    -------------------

                         (clock clk_in rise edge)     0.000     0.000 r  
    H16                                               0.000     0.000 r  clk (IN)
                         net (fo=0)                   0.000     0.000    clk
    H16                  IBUF (Prop_ibuf_I_O)         0.413     0.413 r  clk_IBUF_inst/O
                         net (fo=1, routed)           0.683     1.096    clk_IBUF
    BUFGCTRL_X0Y16       BUFG (Prop_bufg_I_O)         0.029     1.125 r  clk_IBUF_BUFG_inst/O
                         net (fo=2163, routed)        0.852     1.977    clk_IBUF_BUFG
    SLICE_X39Y18         FDCE                                         r  acc1_reg[19]/C
                         clock pessimism             -0.480     1.497    
    SLICE_X39Y18         FDCE (Remov_fdce_C_CLR)     -0.092     1.405    acc1_reg[19]
  -------------------------------------------------------------------
                         required time                         -1.405    
                         arrival time                           2.184    
  -------------------------------------------------------------------
                         slack                                  0.779    

Slack (MET) :             0.829ns  (arrival time - required time)
  Source:                 rst_sync_reg[3]/C
                            (rising edge-triggered cell FDRE clocked by clk_in  {rise@0.000ns fall@5.000ns period=10.000ns})
  Destination:            u_gen1/decerr_count_reg[20]/CLR
                            (removal check against rising-edge clock clk_in  {rise@0.000ns fall@5.000ns period=10.000ns})
  Path Group:             **async_default**
  Path Type:              Removal (Min at Fast Process Corner)
  Requirement:            0.000ns  (clk_in rise@0.000ns - clk_in rise@0.000ns)
  Data Path Delay:        0.993ns  (logic 0.209ns (21.051%)  route 0.784ns (78.949%))
  Logic Levels:           1  (LUT1=1)
  Clock Path Skew:        0.230ns (DCD - SCD - CPR)
    Destination Clock Delay (DCD):    1.941ns
    Source Clock Delay      (SCD):    1.459ns
    Clock Pessimism Removal (CPR):    0.252ns

    Location             Delay type                Incr(ns)  Path(ns)    Netlist Resource(s)
  -------------------------------------------------------------------    -------------------
                         (clock clk_in rise edge)     0.000     0.000 r  
    H16                                               0.000     0.000 r  clk (IN)
                         net (fo=0)                   0.000     0.000    clk
    H16                  IBUF (Prop_ibuf_I_O)         0.225     0.225 r  clk_IBUF_inst/O
                         net (fo=1, routed)           0.627     0.852    clk_IBUF
    BUFGCTRL_X0Y16       BUFG (Prop_bufg_I_O)         0.026     0.878 r  clk_IBUF_BUFG_inst/O
                         net (fo=2163, routed)        0.581     1.459    clk_IBUF_BUFG
    SLICE_X42Y25         FDRE                                         r  rst_sync_reg[3]/C
  -------------------------------------------------------------------    -------------------
    SLICE_X42Y25         FDRE (Prop_fdre_C_Q)         0.164     1.623 r  rst_sync_reg[3]/Q
                         net (fo=1, routed)           0.116     1.739    u_xbar/g_sport[2].g_slice.u_r_slice/skid_reg_reg[38]_0[0]
    SLICE_X42Y25         LUT1 (Prop_lut1_I0_O)        0.045     1.784 f  u_xbar/g_sport[2].g_slice.u_r_slice/FSM_sequential_current_state[1]_i_2__5/O
                         net (fo=2079, routed)        0.667     2.452    u_gen1/epoch_reg[0]_1
    SLICE_X20Y25         FDCE                                         f  u_gen1/decerr_count_reg[20]/CLR
  -------------------------------------------------------------------    -------------------

                         (clock clk_in rise edge)     0.000     0.000 r  
    H16                                               0.000     0.000 r  clk (IN)
                         net (fo=0)                   0.000     0.000    clk
    H16                  IBUF (Prop_ibuf_I_O)         0.413     0.413 r  clk_IBUF_inst/O
                         net (fo=1, routed)           0.683     1.096    clk_IBUF
    BUFGCTRL_X0Y16       BUFG (Prop_bufg_I_O)         0.029     1.125 r  clk_IBUF_BUFG_inst/O
                         net (fo=2163, routed)        0.816     1.941    u_gen1/clk_IBUF_BUFG
    SLICE_X20Y25         FDCE                                         r  u_gen1/decerr_count_reg[20]/C
                         clock pessimism             -0.252     1.689    
    SLICE_X20Y25         FDCE (Remov_fdce_C_CLR)     -0.067     1.622    u_gen1/decerr_count_reg[20]
  -------------------------------------------------------------------
                         required time                         -1.622    
                         arrival time                           2.452    
  -------------------------------------------------------------------
                         slack                                  0.829    

Slack (MET) :             0.829ns  (arrival time - required time)
  Source:                 rst_sync_reg[3]/C
                            (rising edge-triggered cell FDRE clocked by clk_in  {rise@0.000ns fall@5.000ns period=10.000ns})
  Destination:            u_gen1/decerr_count_reg[21]/CLR
                            (removal check against rising-edge clock clk_in  {rise@0.000ns fall@5.000ns period=10.000ns})
  Path Group:             **async_default**
  Path Type:              Removal (Min at Fast Process Corner)
  Requirement:            0.000ns  (clk_in rise@0.000ns - clk_in rise@0.000ns)
  Data Path Delay:        0.993ns  (logic 0.209ns (21.051%)  route 0.784ns (78.949%))
  Logic Levels:           1  (LUT1=1)
  Clock Path Skew:        0.230ns (DCD - SCD - CPR)
    Destination Clock Delay (DCD):    1.941ns
    Source Clock Delay      (SCD):    1.459ns
    Clock Pessimism Removal (CPR):    0.252ns

    Location             Delay type                Incr(ns)  Path(ns)    Netlist Resource(s)
  -------------------------------------------------------------------    -------------------
                         (clock clk_in rise edge)     0.000     0.000 r  
    H16                                               0.000     0.000 r  clk (IN)
                         net (fo=0)                   0.000     0.000    clk
    H16                  IBUF (Prop_ibuf_I_O)         0.225     0.225 r  clk_IBUF_inst/O
                         net (fo=1, routed)           0.627     0.852    clk_IBUF
    BUFGCTRL_X0Y16       BUFG (Prop_bufg_I_O)         0.026     0.878 r  clk_IBUF_BUFG_inst/O
                         net (fo=2163, routed)        0.581     1.459    clk_IBUF_BUFG
    SLICE_X42Y25         FDRE                                         r  rst_sync_reg[3]/C
  -------------------------------------------------------------------    -------------------
    SLICE_X42Y25         FDRE (Prop_fdre_C_Q)         0.164     1.623 r  rst_sync_reg[3]/Q
                         net (fo=1, routed)           0.116     1.739    u_xbar/g_sport[2].g_slice.u_r_slice/skid_reg_reg[38]_0[0]
    SLICE_X42Y25         LUT1 (Prop_lut1_I0_O)        0.045     1.784 f  u_xbar/g_sport[2].g_slice.u_r_slice/FSM_sequential_current_state[1]_i_2__5/O
                         net (fo=2079, routed)        0.667     2.452    u_gen1/epoch_reg[0]_1
    SLICE_X20Y25         FDCE                                         f  u_gen1/decerr_count_reg[21]/CLR
  -------------------------------------------------------------------    -------------------

                         (clock clk_in rise edge)     0.000     0.000 r  
    H16                                               0.000     0.000 r  clk (IN)
                         net (fo=0)                   0.000     0.000    clk
    H16                  IBUF (Prop_ibuf_I_O)         0.413     0.413 r  clk_IBUF_inst/O
                         net (fo=1, routed)           0.683     1.096    clk_IBUF
    BUFGCTRL_X0Y16       BUFG (Prop_bufg_I_O)         0.029     1.125 r  clk_IBUF_BUFG_inst/O
                         net (fo=2163, routed)        0.816     1.941    u_gen1/clk_IBUF_BUFG
    SLICE_X20Y25         FDCE                                         r  u_gen1/decerr_count_reg[21]/C
                         clock pessimism             -0.252     1.689    
    SLICE_X20Y25         FDCE (Remov_fdce_C_CLR)     -0.067     1.622    u_gen1/decerr_count_reg[21]
  -------------------------------------------------------------------
                         required time                         -1.622    
                         arrival time                           2.452    
  -------------------------------------------------------------------
                         slack                                  0.829    

Slack (MET) :             0.829ns  (arrival time - required time)
  Source:                 rst_sync_reg[3]/C
                            (rising edge-triggered cell FDRE clocked by clk_in  {rise@0.000ns fall@5.000ns period=10.000ns})
  Destination:            u_gen1/decerr_count_reg[22]/CLR
                            (removal check against rising-edge clock clk_in  {rise@0.000ns fall@5.000ns period=10.000ns})
  Path Group:             **async_default**
  Path Type:              Removal (Min at Fast Process Corner)
  Requirement:            0.000ns  (clk_in rise@0.000ns - clk_in rise@0.000ns)
  Data Path Delay:        0.993ns  (logic 0.209ns (21.051%)  route 0.784ns (78.949%))
  Logic Levels:           1  (LUT1=1)
  Clock Path Skew:        0.230ns (DCD - SCD - CPR)
    Destination Clock Delay (DCD):    1.941ns
    Source Clock Delay      (SCD):    1.459ns
    Clock Pessimism Removal (CPR):    0.252ns

    Location             Delay type                Incr(ns)  Path(ns)    Netlist Resource(s)
  -------------------------------------------------------------------    -------------------
                         (clock clk_in rise edge)     0.000     0.000 r  
    H16                                               0.000     0.000 r  clk (IN)
                         net (fo=0)                   0.000     0.000    clk
    H16                  IBUF (Prop_ibuf_I_O)         0.225     0.225 r  clk_IBUF_inst/O
                         net (fo=1, routed)           0.627     0.852    clk_IBUF
    BUFGCTRL_X0Y16       BUFG (Prop_bufg_I_O)         0.026     0.878 r  clk_IBUF_BUFG_inst/O
                         net (fo=2163, routed)        0.581     1.459    clk_IBUF_BUFG
    SLICE_X42Y25         FDRE                                         r  rst_sync_reg[3]/C
  -------------------------------------------------------------------    -------------------
    SLICE_X42Y25         FDRE (Prop_fdre_C_Q)         0.164     1.623 r  rst_sync_reg[3]/Q
                         net (fo=1, routed)           0.116     1.739    u_xbar/g_sport[2].g_slice.u_r_slice/skid_reg_reg[38]_0[0]
    SLICE_X42Y25         LUT1 (Prop_lut1_I0_O)        0.045     1.784 f  u_xbar/g_sport[2].g_slice.u_r_slice/FSM_sequential_current_state[1]_i_2__5/O
                         net (fo=2079, routed)        0.667     2.452    u_gen1/epoch_reg[0]_1
    SLICE_X20Y25         FDCE                                         f  u_gen1/decerr_count_reg[22]/CLR
  -------------------------------------------------------------------    -------------------

                         (clock clk_in rise edge)     0.000     0.000 r  
    H16                                               0.000     0.000 r  clk (IN)
                         net (fo=0)                   0.000     0.000    clk
    H16                  IBUF (Prop_ibuf_I_O)         0.413     0.413 r  clk_IBUF_inst/O
                         net (fo=1, routed)           0.683     1.096    clk_IBUF
    BUFGCTRL_X0Y16       BUFG (Prop_bufg_I_O)         0.029     1.125 r  clk_IBUF_BUFG_inst/O
                         net (fo=2163, routed)        0.816     1.941    u_gen1/clk_IBUF_BUFG
    SLICE_X20Y25         FDCE                                         r  u_gen1/decerr_count_reg[22]/C
                         clock pessimism             -0.252     1.689    
    SLICE_X20Y25         FDCE (Remov_fdce_C_CLR)     -0.067     1.622    u_gen1/decerr_count_reg[22]
  -------------------------------------------------------------------
                         required time                         -1.622    
                         arrival time                           2.452    
  -------------------------------------------------------------------
                         slack                                  0.829    

Slack (MET) :             0.829ns  (arrival time - required time)
  Source:                 rst_sync_reg[3]/C
                            (rising edge-triggered cell FDRE clocked by clk_in  {rise@0.000ns fall@5.000ns period=10.000ns})
  Destination:            u_gen1/decerr_count_reg[23]/CLR
                            (removal check against rising-edge clock clk_in  {rise@0.000ns fall@5.000ns period=10.000ns})
  Path Group:             **async_default**
  Path Type:              Removal (Min at Fast Process Corner)
  Requirement:            0.000ns  (clk_in rise@0.000ns - clk_in rise@0.000ns)
  Data Path Delay:        0.993ns  (logic 0.209ns (21.051%)  route 0.784ns (78.949%))
  Logic Levels:           1  (LUT1=1)
  Clock Path Skew:        0.230ns (DCD - SCD - CPR)
    Destination Clock Delay (DCD):    1.941ns
    Source Clock Delay      (SCD):    1.459ns
    Clock Pessimism Removal (CPR):    0.252ns

    Location             Delay type                Incr(ns)  Path(ns)    Netlist Resource(s)
  -------------------------------------------------------------------    -------------------
                         (clock clk_in rise edge)     0.000     0.000 r  
    H16                                               0.000     0.000 r  clk (IN)
                         net (fo=0)                   0.000     0.000    clk
    H16                  IBUF (Prop_ibuf_I_O)         0.225     0.225 r  clk_IBUF_inst/O
                         net (fo=1, routed)           0.627     0.852    clk_IBUF
    BUFGCTRL_X0Y16       BUFG (Prop_bufg_I_O)         0.026     0.878 r  clk_IBUF_BUFG_inst/O
                         net (fo=2163, routed)        0.581     1.459    clk_IBUF_BUFG
    SLICE_X42Y25         FDRE                                         r  rst_sync_reg[3]/C
  -------------------------------------------------------------------    -------------------
    SLICE_X42Y25         FDRE (Prop_fdre_C_Q)         0.164     1.623 r  rst_sync_reg[3]/Q
                         net (fo=1, routed)           0.116     1.739    u_xbar/g_sport[2].g_slice.u_r_slice/skid_reg_reg[38]_0[0]
    SLICE_X42Y25         LUT1 (Prop_lut1_I0_O)        0.045     1.784 f  u_xbar/g_sport[2].g_slice.u_r_slice/FSM_sequential_current_state[1]_i_2__5/O
                         net (fo=2079, routed)        0.667     2.452    u_gen1/epoch_reg[0]_1
    SLICE_X20Y25         FDCE                                         f  u_gen1/decerr_count_reg[23]/CLR
  -------------------------------------------------------------------    -------------------

                         (clock clk_in rise edge)     0.000     0.000 r  
    H16                                               0.000     0.000 r  clk (IN)
                         net (fo=0)                   0.000     0.000    clk
    H16                  IBUF (Prop_ibuf_I_O)         0.413     0.413 r  clk_IBUF_inst/O
                         net (fo=1, routed)           0.683     1.096    clk_IBUF
    BUFGCTRL_X0Y16       BUFG (Prop_bufg_I_O)         0.029     1.125 r  clk_IBUF_BUFG_inst/O
                         net (fo=2163, routed)        0.816     1.941    u_gen1/clk_IBUF_BUFG
    SLICE_X20Y25         FDCE                                         r  u_gen1/decerr_count_reg[23]/C
                         clock pessimism             -0.252     1.689    
    SLICE_X20Y25         FDCE (Remov_fdce_C_CLR)     -0.067     1.622    u_gen1/decerr_count_reg[23]
  -------------------------------------------------------------------
                         required time                         -1.622    
                         arrival time                           2.452    
  -------------------------------------------------------------------
                         slack                                  0.829    

Slack (MET) :             0.842ns  (arrival time - required time)
  Source:                 rst_sync_reg[3]/C
                            (rising edge-triggered cell FDRE clocked by clk_in  {rise@0.000ns fall@5.000ns period=10.000ns})
  Destination:            thr1_reg[20]/CLR
                            (removal check against rising-edge clock clk_in  {rise@0.000ns fall@5.000ns period=10.000ns})
  Path Group:             **async_default**
  Path Type:              Removal (Min at Fast Process Corner)
  Requirement:            0.000ns  (clk_in rise@0.000ns - clk_in rise@0.000ns)
  Data Path Delay:        0.789ns  (logic 0.209ns (26.492%)  route 0.580ns (73.508%))
  Logic Levels:           1  (LUT1=1)
  Clock Path Skew:        0.039ns (DCD - SCD - CPR)
    Destination Clock Delay (DCD):    1.978ns
    Source Clock Delay      (SCD):    1.459ns
    Clock Pessimism Removal (CPR):    0.480ns

    Location             Delay type                Incr(ns)  Path(ns)    Netlist Resource(s)
  -------------------------------------------------------------------    -------------------
                         (clock clk_in rise edge)     0.000     0.000 r  
    H16                                               0.000     0.000 r  clk (IN)
                         net (fo=0)                   0.000     0.000    clk
    H16                  IBUF (Prop_ibuf_I_O)         0.225     0.225 r  clk_IBUF_inst/O
                         net (fo=1, routed)           0.627     0.852    clk_IBUF
    BUFGCTRL_X0Y16       BUFG (Prop_bufg_I_O)         0.026     0.878 r  clk_IBUF_BUFG_inst/O
                         net (fo=2163, routed)        0.581     1.459    clk_IBUF_BUFG
    SLICE_X42Y25         FDRE                                         r  rst_sync_reg[3]/C
  -------------------------------------------------------------------    -------------------
    SLICE_X42Y25         FDRE (Prop_fdre_C_Q)         0.164     1.623 r  rst_sync_reg[3]/Q
                         net (fo=1, routed)           0.116     1.739    u_xbar/g_sport[2].g_slice.u_r_slice/skid_reg_reg[38]_0[0]
    SLICE_X42Y25         LUT1 (Prop_lut1_I0_O)        0.045     1.784 f  u_xbar/g_sport[2].g_slice.u_r_slice/FSM_sequential_current_state[1]_i_2__5/O
                         net (fo=2079, routed)        0.464     2.248    u_xbar_n_0
    SLICE_X39Y17         FDCE                                         f  thr1_reg[20]/CLR
  -------------------------------------------------------------------    -------------------

                         (clock clk_in rise edge)     0.000     0.000 r  
    H16                                               0.000     0.000 r  clk (IN)
                         net (fo=0)                   0.000     0.000    clk
    H16                  IBUF (Prop_ibuf_I_O)         0.413     0.413 r  clk_IBUF_inst/O
                         net (fo=1, routed)           0.683     1.096    clk_IBUF
    BUFGCTRL_X0Y16       BUFG (Prop_bufg_I_O)         0.029     1.125 r  clk_IBUF_BUFG_inst/O
                         net (fo=2163, routed)        0.853     1.978    clk_IBUF_BUFG
    SLICE_X39Y17         FDCE                                         r  thr1_reg[20]/C
                         clock pessimism             -0.480     1.498    
    SLICE_X39Y17         FDCE (Remov_fdce_C_CLR)     -0.092     1.406    thr1_reg[20]
  -------------------------------------------------------------------
                         required time                         -1.406    
                         arrival time                           2.248    
  -------------------------------------------------------------------
                         slack                                  0.842    

Slack (MET) :             0.842ns  (arrival time - required time)
  Source:                 rst_sync_reg[3]/C
                            (rising edge-triggered cell FDRE clocked by clk_in  {rise@0.000ns fall@5.000ns period=10.000ns})
  Destination:            thr1_reg[21]/CLR
                            (removal check against rising-edge clock clk_in  {rise@0.000ns fall@5.000ns period=10.000ns})
  Path Group:             **async_default**
  Path Type:              Removal (Min at Fast Process Corner)
  Requirement:            0.000ns  (clk_in rise@0.000ns - clk_in rise@0.000ns)
  Data Path Delay:        0.789ns  (logic 0.209ns (26.492%)  route 0.580ns (73.508%))
  Logic Levels:           1  (LUT1=1)
  Clock Path Skew:        0.039ns (DCD - SCD - CPR)
    Destination Clock Delay (DCD):    1.978ns
    Source Clock Delay      (SCD):    1.459ns
    Clock Pessimism Removal (CPR):    0.480ns

    Location             Delay type                Incr(ns)  Path(ns)    Netlist Resource(s)
  -------------------------------------------------------------------    -------------------
                         (clock clk_in rise edge)     0.000     0.000 r  
    H16                                               0.000     0.000 r  clk (IN)
                         net (fo=0)                   0.000     0.000    clk
    H16                  IBUF (Prop_ibuf_I_O)         0.225     0.225 r  clk_IBUF_inst/O
                         net (fo=1, routed)           0.627     0.852    clk_IBUF
    BUFGCTRL_X0Y16       BUFG (Prop_bufg_I_O)         0.026     0.878 r  clk_IBUF_BUFG_inst/O
                         net (fo=2163, routed)        0.581     1.459    clk_IBUF_BUFG
    SLICE_X42Y25         FDRE                                         r  rst_sync_reg[3]/C
  -------------------------------------------------------------------    -------------------
    SLICE_X42Y25         FDRE (Prop_fdre_C_Q)         0.164     1.623 r  rst_sync_reg[3]/Q
                         net (fo=1, routed)           0.116     1.739    u_xbar/g_sport[2].g_slice.u_r_slice/skid_reg_reg[38]_0[0]
    SLICE_X42Y25         LUT1 (Prop_lut1_I0_O)        0.045     1.784 f  u_xbar/g_sport[2].g_slice.u_r_slice/FSM_sequential_current_state[1]_i_2__5/O
                         net (fo=2079, routed)        0.464     2.248    u_xbar_n_0
    SLICE_X39Y17         FDCE                                         f  thr1_reg[21]/CLR
  -------------------------------------------------------------------    -------------------

                         (clock clk_in rise edge)     0.000     0.000 r  
    H16                                               0.000     0.000 r  clk (IN)
                         net (fo=0)                   0.000     0.000    clk
    H16                  IBUF (Prop_ibuf_I_O)         0.413     0.413 r  clk_IBUF_inst/O
                         net (fo=1, routed)           0.683     1.096    clk_IBUF
    BUFGCTRL_X0Y16       BUFG (Prop_bufg_I_O)         0.029     1.125 r  clk_IBUF_BUFG_inst/O
                         net (fo=2163, routed)        0.853     1.978    clk_IBUF_BUFG
    SLICE_X39Y17         FDCE                                         r  thr1_reg[21]/C
                         clock pessimism             -0.480     1.498    
    SLICE_X39Y17         FDCE (Remov_fdce_C_CLR)     -0.092     1.406    thr1_reg[21]
  -------------------------------------------------------------------
                         required time                         -1.406    
                         arrival time                           2.248    
  -------------------------------------------------------------------
                         slack                                  0.842    

Slack (MET) :             0.844ns  (arrival time - required time)
  Source:                 rst_sync_reg[3]/C
                            (rising edge-triggered cell FDRE clocked by clk_in  {rise@0.000ns fall@5.000ns period=10.000ns})
  Destination:            acc0_reg[16]/CLR
                            (removal check against rising-edge clock clk_in  {rise@0.000ns fall@5.000ns period=10.000ns})
  Path Group:             **async_default**
  Path Type:              Removal (Min at Fast Process Corner)
  Requirement:            0.000ns  (clk_in rise@0.000ns - clk_in rise@0.000ns)
  Data Path Delay:        0.794ns  (logic 0.209ns (26.339%)  route 0.585ns (73.661%))
  Logic Levels:           1  (LUT1=1)
  Clock Path Skew:        0.042ns (DCD - SCD - CPR)
    Destination Clock Delay (DCD):    1.981ns
    Source Clock Delay      (SCD):    1.459ns
    Clock Pessimism Removal (CPR):    0.480ns

    Location             Delay type                Incr(ns)  Path(ns)    Netlist Resource(s)
  -------------------------------------------------------------------    -------------------
                         (clock clk_in rise edge)     0.000     0.000 r  
    H16                                               0.000     0.000 r  clk (IN)
                         net (fo=0)                   0.000     0.000    clk
    H16                  IBUF (Prop_ibuf_I_O)         0.225     0.225 r  clk_IBUF_inst/O
                         net (fo=1, routed)           0.627     0.852    clk_IBUF
    BUFGCTRL_X0Y16       BUFG (Prop_bufg_I_O)         0.026     0.878 r  clk_IBUF_BUFG_inst/O
                         net (fo=2163, routed)        0.581     1.459    clk_IBUF_BUFG
    SLICE_X42Y25         FDRE                                         r  rst_sync_reg[3]/C
  -------------------------------------------------------------------    -------------------
    SLICE_X42Y25         FDRE (Prop_fdre_C_Q)         0.164     1.623 r  rst_sync_reg[3]/Q
                         net (fo=1, routed)           0.116     1.739    u_xbar/g_sport[2].g_slice.u_r_slice/skid_reg_reg[38]_0[0]
    SLICE_X42Y25         LUT1 (Prop_lut1_I0_O)        0.045     1.784 f  u_xbar/g_sport[2].g_slice.u_r_slice/FSM_sequential_current_state[1]_i_2__5/O
                         net (fo=2079, routed)        0.468     2.252    u_xbar_n_0
    SLICE_X41Y16         FDCE                                         f  acc0_reg[16]/CLR
  -------------------------------------------------------------------    -------------------

                         (clock clk_in rise edge)     0.000     0.000 r  
    H16                                               0.000     0.000 r  clk (IN)
                         net (fo=0)                   0.000     0.000    clk
    H16                  IBUF (Prop_ibuf_I_O)         0.413     0.413 r  clk_IBUF_inst/O
                         net (fo=1, routed)           0.683     1.096    clk_IBUF
    BUFGCTRL_X0Y16       BUFG (Prop_bufg_I_O)         0.029     1.125 r  clk_IBUF_BUFG_inst/O
                         net (fo=2163, routed)        0.856     1.981    clk_IBUF_BUFG
    SLICE_X41Y16         FDCE                                         r  acc0_reg[16]/C
                         clock pessimism             -0.480     1.501    
    SLICE_X41Y16         FDCE (Remov_fdce_C_CLR)     -0.092     1.409    acc0_reg[16]
  -------------------------------------------------------------------
                         required time                         -1.409    
                         arrival time                           2.252    
  -------------------------------------------------------------------
                         slack                                  0.844    

Slack (MET) :             0.844ns  (arrival time - required time)
  Source:                 rst_sync_reg[3]/C
                            (rising edge-triggered cell FDRE clocked by clk_in  {rise@0.000ns fall@5.000ns period=10.000ns})
  Destination:            acc0_reg[21]/CLR
                            (removal check against rising-edge clock clk_in  {rise@0.000ns fall@5.000ns period=10.000ns})
  Path Group:             **async_default**
  Path Type:              Removal (Min at Fast Process Corner)
  Requirement:            0.000ns  (clk_in rise@0.000ns - clk_in rise@0.000ns)
  Data Path Delay:        0.794ns  (logic 0.209ns (26.339%)  route 0.585ns (73.661%))
  Logic Levels:           1  (LUT1=1)
  Clock Path Skew:        0.042ns (DCD - SCD - CPR)
    Destination Clock Delay (DCD):    1.981ns
    Source Clock Delay      (SCD):    1.459ns
    Clock Pessimism Removal (CPR):    0.480ns

    Location             Delay type                Incr(ns)  Path(ns)    Netlist Resource(s)
  -------------------------------------------------------------------    -------------------
                         (clock clk_in rise edge)     0.000     0.000 r  
    H16                                               0.000     0.000 r  clk (IN)
                         net (fo=0)                   0.000     0.000    clk
    H16                  IBUF (Prop_ibuf_I_O)         0.225     0.225 r  clk_IBUF_inst/O
                         net (fo=1, routed)           0.627     0.852    clk_IBUF
    BUFGCTRL_X0Y16       BUFG (Prop_bufg_I_O)         0.026     0.878 r  clk_IBUF_BUFG_inst/O
                         net (fo=2163, routed)        0.581     1.459    clk_IBUF_BUFG
    SLICE_X42Y25         FDRE                                         r  rst_sync_reg[3]/C
  -------------------------------------------------------------------    -------------------
    SLICE_X42Y25         FDRE (Prop_fdre_C_Q)         0.164     1.623 r  rst_sync_reg[3]/Q
                         net (fo=1, routed)           0.116     1.739    u_xbar/g_sport[2].g_slice.u_r_slice/skid_reg_reg[38]_0[0]
    SLICE_X42Y25         LUT1 (Prop_lut1_I0_O)        0.045     1.784 f  u_xbar/g_sport[2].g_slice.u_r_slice/FSM_sequential_current_state[1]_i_2__5/O
                         net (fo=2079, routed)        0.468     2.252    u_xbar_n_0
    SLICE_X41Y16         FDCE                                         f  acc0_reg[21]/CLR
  -------------------------------------------------------------------    -------------------

                         (clock clk_in rise edge)     0.000     0.000 r  
    H16                                               0.000     0.000 r  clk (IN)
                         net (fo=0)                   0.000     0.000    clk
    H16                  IBUF (Prop_ibuf_I_O)         0.413     0.413 r  clk_IBUF_inst/O
                         net (fo=1, routed)           0.683     1.096    clk_IBUF
    BUFGCTRL_X0Y16       BUFG (Prop_bufg_I_O)         0.029     1.125 r  clk_IBUF_BUFG_inst/O
                         net (fo=2163, routed)        0.856     1.981    clk_IBUF_BUFG
    SLICE_X41Y16         FDCE                                         r  acc0_reg[21]/C
                         clock pessimism             -0.480     1.501    
    SLICE_X41Y16         FDCE (Remov_fdce_C_CLR)     -0.092     1.409    acc0_reg[21]
  -------------------------------------------------------------------
                         required time                         -1.409    
                         arrival time                           2.252    
  -------------------------------------------------------------------
                         slack                                  0.844    





